{
  "name": "overhauledstructures:overhauleddungeonbasic/ovdb_room_part_stairwayl",
  "fallback": "minecraft:empty",
  "elements": [
    {
      "weight": 5,
      "element": {
        "location": "overhauledstructures:ovdb/ovdb_room_part_stairwayl_1",
        "processors": "minecraft:empty",
        "projection": "rigid",
        "element_type": "minecraft:single_pool_element"
      }
    },
    {
      "weight": 5,
      "element": {
        "location": "overhauledstructures:ovdb/ovdb_room_part_stairwayl_2",
        "processors": "minecraft:empty",
        "projection": "rigid",
        "element_type": "minecraft:single_pool_element"
      }
    },
    {
      "weight": 5,
      "element": {
        "location": "overhauledstructures:ovdb/ovdb_room_part_stairwayl_3",
        "processors": "minecraft:empty",
        "projection": "rigid",
        "element_type": "minecraft:single_pool_element"
      }
    },
    {
      "weight": 5,
      "element": {
        "location": "overhauledstructures:ovdb/ovdb_room_part_stairwayl_4",
        "processors": "minecraft:empty",
        "projection": "rigid",
        "element_type": "minecraft:single_pool_element"
      }
    },
    {
      "weight": 5,
      "element": {
        "location": "overhauledstructures:ovdb/ovdb_room_part_stairwayl_5",
        "processors": "minecraft:empty",
        "projection": "rigid",
        "element_type": "minecraft:single_pool_element"
      }
    },
    {
      "weight": 5,
      "element": {
        "location": "overhauledstructures:ovdb/ovdb_room_part_stairwayl_6",
        "processors": "minecraft:empty",
        "projection": "rigid",
        "element_type": "minecraft:single_pool_element"
      }
    },
    {
      "weight": 5,
      "element": {
        "location": "overhauledstructures:ovdb/ovdb_room_part_stairwayl_7",
        "processors": "minecraft:empty",
        "projection": "rigid",
        "element_type": "minecraft:single_pool_element"
      }
    },
    {
      "weight": 5,
      "element": {
        "location": "overhauledstructures:ovdb/ovdb_room_part_stairwayl_8",
        "processors": "minecraft:empty",
        "projection": "rigid",
        "element_type": "minecraft:single_pool_element"
      }
    }
  ]
}