{
  "name": "overhauledstructures:overhauleddungeonbasic/ovdb_core_l5",
  "fallback": "minecraft:empty",
  "elements": [
    {
      "weight": 11,
      "element": {
        "location": "overhauledstructures:ovdb/ovdb_core_l5_2",
        "processors": "minecraft:empty",
        "projection": "rigid",
        "element_type": "minecraft:single_pool_element"
      }
    },
    {
      "weight": 11,
      "element": {
        "location": "overhauledstructures:ovdb/ovdb_core_l5_3",
        "processors": "minecraft:empty",
        "projection": "rigid",
        "element_type": "minecraft:single_pool_element"
      }
    },
    {
      "weight": 11,
      "element": {
        "location": "overhauledstructures:ovdb/ovdb_core_l5_4",
        "processors": "minecraft:empty",
        "projection": "rigid",
        "element_type": "minecraft:single_pool_element"
      }
    },
    {
      "weight": 11,
      "element": {
        "location": "overhauledstructures:ovdb/ovdb_core_l5_5",
        "processors": "minecraft:empty",
        "projection": "rigid",
        "element_type": "minecraft:single_pool_element"
      }
    },
    {
      "weight": 11,
      "element": {
        "location": "overhauledstructures:ovdb/ovdb_core_l5_6",
        "processors": "minecraft:empty",
        "projection": "rigid",
        "element_type": "minecraft:single_pool_element"
      }
    },
    {
      "weight": 9,
      "element": {
        "location": "overhauledstructures:ovdb/ovdb_core_l6_2",
        "processors": "minecraft:empty",
        "projection": "rigid",
        "element_type": "minecraft:single_pool_element"
      }
    },
    {
      "weight": 9,
      "element": {
        "location": "overhauledstructures:ovdb/ovdb_core_l6_3",
        "processors": "minecraft:empty",
        "projection": "rigid",
        "element_type": "minecraft:single_pool_element"
      }
    },
    {
      "weight": 9,
      "element": {
        "location": "overhauledstructures:ovdb/ovdb_core_l6_4",
        "processors": "minecraft:empty",
        "projection": "rigid",
        "element_type": "minecraft:single_pool_element"
      }
    },
    {
      "weight": 9,
      "element": {
        "location": "overhauledstructures:ovdb/ovdb_core_l6_5",
        "processors": "minecraft:empty",
        "projection": "rigid",
        "element_type": "minecraft:single_pool_element"
      }
    },
    {
      "weight": 9,
      "element": {
        "location": "overhauledstructures:ovdb/ovdb_core_l6_6",
        "processors": "minecraft:empty",
        "projection": "rigid",
        "element_type": "minecraft:single_pool_element"
      }
    }
  ]
}