{
  "name": "overhauledstructures:overhauleddungeonprison/ovdp_feature",
  "fallback": "minecraft:empty",
  "elements": [
    {
      "weight": 8,
      "element": {
        "location": "overhauledstructures:ovdp/ovdp_feature_1",
        "processors": "minecraft:empty",
        "projection": "rigid",
        "element_type": "minecraft:single_pool_element"
      }
    },
    {
      "weight": 8,
      "element": {
        "location": "overhauledstructures:ovdp/ovdp_feature_2",
        "processors": "minecraft:empty",
        "projection": "rigid",
        "element_type": "minecraft:single_pool_element"
      }
    },
    {
      "weight": 8,
      "element": {
        "location": "overhauledstructures:ovdp/ovdp_feature_3",
        "processors": "minecraft:empty",
        "projection": "rigid",
        "element_type": "minecraft:single_pool_element"
      }
    },
    {
      "weight": 6,
      "element": {
        "location": "overhauledstructures:ovdp/ovdp_feature_4",
        "processors": "minecraft:empty",
        "projection": "rigid",
        "element_type": "minecraft:single_pool_element"
      }
    },
    {
      "weight": 6,
      "element": {
        "location": "overhauledstructures:ovdp/ovdp_feature_5",
        "processors": "minecraft:empty",
        "projection": "rigid",
        "element_type": "minecraft:single_pool_element"
      }
    },
    {
      "weight": 6,
      "element": {
        "location": "overhauledstructures:ovdp/ovdp_feature_6",
        "processors": "minecraft:empty",
        "projection": "rigid",
        "element_type": "minecraft:single_pool_element"
      }
    },
    {
      "weight": 6,
      "element": {
        "location": "overhauledstructures:ovdp/ovdp_feature_7",
        "processors": "minecraft:empty",
        "projection": "rigid",
        "element_type": "minecraft:single_pool_element"
      }
    },
    {
      "weight": 4,
      "element": {
        "location": "overhauledstructures:ovdp/ovdp_feature_8",
        "processors": "minecraft:empty",
        "projection": "rigid",
        "element_type": "minecraft:single_pool_element"
      }
    },
    {
      "weight": 4,
      "element": {
        "location": "overhauledstructures:ovdp/ovdp_feature_9",
        "processors": "minecraft:empty",
        "projection": "rigid",
        "element_type": "minecraft:single_pool_element"
      }
    },
    {
      "weight": 100,
      "element": {
        "location": "overhauledstructures:ovdp/ovdp_feature_10",
        "processors": "minecraft:empty",
        "projection": "rigid",
        "element_type": "minecraft:single_pool_element"
      }
    }
  ]
}