{
  "pools": [
    {
      "rolls": 1,
      "entries": [
        {
          "type": "item",
          "name": "minecraft:player_head",
          "weight": 1,
          "functions": [
            {
              "function": "set_components",
              "components": {
                "minecraft:note_block_sound": "minecraft:entity.shulker.ambient",
                "minecraft:profile": {
                  "properties": [
                    {
                      "name": "textures",
                      "value": "eyJ0ZXh0dXJlcyI6eyJTS0lOIjp7InVybCI6Imh0dHA6Ly90ZXh0dXJlcy5taW5lY3JhZnQubmV0L3RleHR1cmUvZmI5ZTZhZjZiODE5ZjNkOTBlNjdjZTJlNzA1OWZiZWYzMWRhMmFhOTUzZDM1ZTM0NTRmMTAyMWZhOTEyZWZkZSJ9fX0="
                    }
                  ]
                },
                "minecraft:item_name": "\"Shulker Head\""
              }
            }
          ]
        }
      ],
      "conditions": [
        {
          "condition": "killed_by_player"
        },
        {
          "condition": "random_chance_with_looting",
          "chance": 0.05,
          "looting_multiplier": 0.01
        }
      ]
    }
  ]
}
