{
  "type": "minecraft:chest",
  "pools": [
    {
      "rolls": 2,
      "entries": [
        {
          "type": "minecraft:item",
          "weight": 2,
          "name": "minecraft:rotten_flesh",
          "functions": [
            {
              "function": "minecraft:set_count",
              "count": {
                "min": 4,
                "max": 16
              },
              "conditions": [
                {
                  "condition": "minecraft:random_chance",
                  "chance": 0.5
                }
              ]
            }
          ]
        },
        {
          "type": "minecraft:item",
          "weight": 5,
          "name": "minecraft:blaze_rod",
          "functions": [
            {
              "function": "minecraft:set_count",
              "count": {
                "min": 4,
                "max": 16
              },
              "conditions": [
                {
                  "condition": "minecraft:random_chance",
                  "chance": 0.5
                }
              ]
            }
          ]
        },
        {
          "type": "minecraft:item",
          "weight": 5,
          "name": "minecraft:bone",
          "functions": [
            {
              "function": "minecraft:set_count",
              "count": {
                "min": 4,
                "max": 16
              },
              "conditions": [
                {
                  "condition": "minecraft:random_chance",
                  "chance": 0.5
                }
              ]
            }
          ]
        },
        {
          "type": "minecraft:item",
          "weight": 5,
          "name": "minecraft:nether_wart",
          "functions": [
            {
              "function": "minecraft:set_count",
              "count": {
                "min": 4,
                "max": 16
              },
              "conditions": [
                {
                  "condition": "minecraft:random_chance",
                  "chance": 0.5
                }
              ]
            }
          ]
        }
      ]
    },
    {
      "rolls": 3,
      "entries": [
        {
          "type": "minecraft:item",
          "weight": 5,
          "name": "minecraft:soul_lantern"
        },
        {
          "type": "minecraft:item",
          "weight": 1,
          "name": "minecraft:blaze_rod",
          "functions": [
            {
              "function": "minecraft:set_count",
              "count": {
                "min": 4,
                "max": 16
              },
              "conditions": [
                {
                  "condition": "minecraft:random_chance",
                  "chance": 0.5
                }
              ]
            }
          ]
        },
        {
          "type": "minecraft:item",
          "weight": 5,
          "name": "minecraft:rotten_flesh",
          "functions": [
            {
              "function": "minecraft:set_count",
              "count": {
                "min": 6,
                "max": 24
              },
              "conditions": [
                {
                  "condition": "minecraft:random_chance",
                  "chance": 0.7
                }
              ]
            }
          ]
        },
        {
          "type": "minecraft:item",
          "weight": 1,
          "name": "minecraft:chain",
          "functions": [
            {
              "function": "minecraft:set_count",
              "count": {
                "min": 0,
                "max": 3
              },
              "conditions": [
                {
                  "condition": "minecraft:random_chance",
                  "chance": 0.2
                }
              ]
            }
          ]
        }
      ]
    },
    {
      "rolls": 2,
      "entries": [
        {
          "type": "minecraft:item",
          "weight": 5,
          "name": "minecraft:iron_bars",
          "functions": [
            {
              "function": "minecraft:set_count",
              "count": {
                "min": 2,
                "max": 8
              },
              "conditions": [
                {
                  "condition": "minecraft:random_chance",
                  "chance": 0.5
                }
              ]
            }
          ]
        },
        {
          "type": "minecraft:item",
          "weight": 1,
          "name": "minecraft:chain",
          "functions": [
            {
              "function": "minecraft:set_count",
              "count": {
                "min": 4,
                "max": 16
              },
              "conditions": [
                {
                  "condition": "minecraft:random_chance",
                  "chance": 0.5
                }
              ]
            }
          ]
        },
        {
          "type": "minecraft:item",
          "weight": 5,
          "name": "minecraft:rotten_flesh",
          "functions": [
            {
              "function": "minecraft:set_count",
              "count": {
                "min": 6,
                "max": 24
              },
              "conditions": [
                {
                  "condition": "minecraft:random_chance",
                  "chance": 0.7
                }
              ]
            }
          ]
        },
        {
          "type": "minecraft:item",
          "weight": 1,
          "name": "minecraft:soul_lantern",
          "functions": [
            {
              "function": "minecraft:set_count",
              "count": {
                "min": 0,
                "max": 3
              },
              "conditions": [
                {
                  "condition": "minecraft:random_chance",
                  "chance": 0.2
                }
              ]
            }
          ]
        },
        {
          "type": "minecraft:item",
          "weight": 1,
          "name": "minecraft:blaze_spawn_egg",
          "functions": [
            {
              "function": "minecraft:set_nbt",
              "tag": "{display:{Name:'[{\"text\":\"Hellspawn\",\"italic\":true,\"bold\":true,\"color\":\"red\"}]'}}"
            }
          ]
        },
        {
          "type": "minecraft:item",
          "weight": 1,
          "name": "minecraft:cobbled_deepslate",
          "functions": [
            {
              "function": "minecraft:set_count",
              "count": {
                "min": 3,
                "max": 12
              },
              "conditions": [
                {
                  "condition": "minecraft:random_chance",
                  "chance": 0.2
                }
              ]
            }
          ]
        },
        {
          "type": "minecraft:item",
          "weight": 1,
          "name": "minecraft:hoglin_spawn_egg",
          "functions": [
            {
              "function": "minecraft:set_nbt",
              "tag": "{display:{Name:'[{\"text\":\"Hellspawn\",\"italic\":true,\"bold\":true,\"color\":\"red\"}]'}}"
            }
          ]
        }
      ]
    },
    {
      "rolls": 2,
      "entries": [
        {
          "type": "minecraft:item",
          "weight": 4,
          "name": "minecraft:rotten_flesh",
          "functions": [
            {
              "function": "minecraft:set_count",
              "count": {
                "min": 6,
                "max": 24
              },
              "conditions": [
                {
                  "condition": "minecraft:random_chance",
                  "chance": 0.7
                }
              ]
            }
          ]
        },
        {
          "type": "minecraft:item",
          "weight": 4,
          "name": "minecraft:porkchop",
          "functions": [
            {
              "function": "minecraft:set_count",
              "count": {
                "min": 4,
                "max": 16
              },
              "conditions": [
                {
                  "condition": "minecraft:random_chance",
                  "chance": 0.9
                }
              ]
            }
          ]
        },
        {
          "type": "minecraft:item",
          "weight": 2,
          "name": "minecraft:iron_sword",
          "functions": [
            {
              "function": "minecraft:enchant_with_levels",
              "levels": {
                "min": 0,
                "max": 16
              },
              "conditions": [
                {
                  "condition": "minecraft:random_chance",
                  "chance": 0.9
                }
              ]
            }
          ]
        },
        {
          "type": "minecraft:item",
          "weight": 1,
          "name": "minecraft:diamond_sword",
          "functions": [
            {
              "function": "minecraft:enchant_with_levels",
              "levels": {
                "min": 0,
                "max": 4
              },
              "conditions": [
                {
                  "condition": "minecraft:random_chance",
                  "chance": 0.6
                }
              ]
            }
          ]
        },
        {
          "type": "minecraft:item",
          "weight": 1,
          "name": "minecraft:netherite_sword",
          "functions": [
            {
              "function": "minecraft:enchant_with_levels",
              "levels": {
                "min": 0,
                "max": 4
              },
              "conditions": [
                {
                  "condition": "minecraft:random_chance",
                  "chance": 0.6
                }
              ]
            }
          ]
        },
        {
          "type": "minecraft:item",
          "weight": 1,
          "name": "minecraft:stone_sword",
          "functions": [
            {
              "function": "minecraft:enchant_with_levels",
              "levels": {
                "min": 0,
                "max": 16
              },
              "conditions": [
                {
                  "condition": "minecraft:random_chance",
                  "chance": 0.6
                }
              ]
            }
          ]
        },
        {
          "type": "minecraft:item",
          "weight": 4,
          "name": "minecraft:leather_chestplate",
          "functions": [
            {
              "function": "minecraft:enchant_with_levels",
              "levels": {
                "min": 0,
                "max": 4
              },
              "conditions": [
                {
                  "condition": "minecraft:random_chance",
                  "chance": 0.6
                }
              ]
            }
          ]
        },
        {
          "type": "minecraft:item",
          "weight": 2,
          "name": "minecraft:crossbow",
          "functions": [
            {
              "function": "minecraft:enchant_with_levels",
              "levels": {
                "min": 0,
                "max": 4
              },
              "conditions": [
                {
                  "condition": "minecraft:random_chance",
                  "chance": 0.6
                }
              ]
            }
          ]
        },
        {
          "type": "minecraft:item",
          "weight": 10,
          "name": "minecraft:golden_carrot",
          "functions": [
            {
              "function": "minecraft:set_count",
              "count": {
                "min": 1,
                "max": 3
              }
            }
          ]
        },
        {
          "type": "minecraft:item",
          "weight": 10,
          "name": "minecraft:golden_apple",
          "functions": [
            {
              "function": "minecraft:set_count",
              "count": {
                "min": 1,
                "max": 3
              }
            }
          ]
        },
        {
          "type": "minecraft:item",
          "weight": 3,
          "name": "minecraft:name_tag",
          "functions": [
            {
              "function": "minecraft:set_count",
              "count": {
                "min": 1,
                "max": 3
              }
            }
          ]
        },
        {
          "type": "minecraft:item",
          "weight": 5,
          "name": "minecraft:bone",
          "functions": [
            {
              "function": "minecraft:set_count",
              "count": {
                "min": 12,
                "max": 16
              }
            }
          ]
        },
        {
          "type": "minecraft:item",
          "weight": 2,
          "name": "minecraft:nether_wart",
          "functions": [
            {
              "function": "minecraft:set_count",
              "count": {
                "min": 12,
                "max": 16
              }
            }
          ]
        },
        {
          "type": "minecraft:item",
          "weight": 2,
          "name": "minecraft:blaze_powder",
          "functions": [
            {
              "function": "minecraft:set_count",
              "count": {
                "min": 12,
                "max": 16
              }
            }
          ]
        },
        {
          "type": "minecraft:item",
          "weight": 1,
          "name": "minecraft:ghast_spawn_egg",
          "functions": [
            {
              "function": "minecraft:set_nbt",
              "tag": "{display:{Name:'[{\"text\":\"Hellspawn\",\"italic\":true,\"bold\":true,\"color\":\"red\"}]'}}"
            }
          ]
        },
        {
          "type": "minecraft:item",
          "weight": 1,
          "name": "minecraft:magma_cube_spawn_egg",
          "functions": [
            {
              "function": "minecraft:set_nbt",
              "tag": "{display:{Name:'[{\"text\":\"Hellspawn\",\"italic\":true,\"bold\":true,\"color\":\"red\"}]'}}"
            }
          ]
        },
        {
          "type": "minecraft:item",
          "weight": 1,
          "name": "minecraft:piglin_spawn_egg",
          "functions": [
            {
              "function": "minecraft:set_nbt",
              "tag": "{display:{Name:'[{\"text\":\"Hellspawn\",\"italic\":true,\"bold\":true,\"color\":\"red\"}]'}}"
            }
          ]
        },
        {
          "type": "minecraft:item",
          "weight": 1,
          "name": "minecraft:piglin_brute_spawn_egg",
          "functions": [
            {
              "function": "minecraft:set_nbt",
              "tag": "{display:{Name:'[{\"text\":\"Hellspawn\",\"italic\":true,\"bold\":true,\"color\":\"red\"}]'}}"
            }
          ]
        },
        {
          "type": "minecraft:item",
          "weight": 1,
          "name": "minecraft:pig_spawn_egg",
          "functions": [
            {
              "function": "minecraft:set_nbt",
              "tag": "{display:{Name:'[{\"text\":\"Hellspawn\",\"italic\":true,\"bold\":true,\"color\":\"red\"}]'}}"
            }
          ]
        },
        {
          "type": "minecraft:item",
          "weight": 1,
          "name": "minecraft:wither_skeleton_spawn_egg",
          "functions": [
            {
              "function": "minecraft:set_nbt",
              "tag": "{display:{Name:'[{\"text\":\"Hellspawn\",\"italic\":true,\"bold\":true,\"color\":\"red\"}]'}}"
            }
          ]
        },
        {
          "type": "minecraft:item",
          "weight": 1,
          "name": "minecraft:strider_spawn_egg",
          "functions": [
            {
              "function": "minecraft:set_nbt",
              "tag": "{display:{Name:'[{\"text\":\"Hellspawn\",\"italic\":true,\"bold\":true,\"color\":\"red\"}]'}}"
            }
          ]
        },
        {
          "type": "minecraft:item",
          "weight": 1,
          "name": "minecraft:potion",
          "functions": [
            {
              "function": "minecraft:set_nbt",
              "tag": "{CustomPotionColor:15376152,CustomPotionEffects:[{Id:8,Duration:24000,Amplifier:2},{Id:7,Duration:2,Amplifier:2}],display:{Name:'[\"\",{\"text\":\"Hell Riser\",\"italic\":false,\"bold\":true,\"color\":\"red\"}]',Lore:['[\"\",{\"text\":\"Gravitational sap,\",\"italic\":false,\"color\":\"red\"}]','[\"\",{\"text\":\"sourced from life itself.\",\"italic\":false,\"color\":\"red\"}]']}}"
            }
          ]
        }
      ]
    },
    {
      "rolls": {
        "min": 0,
        "max": 1
      },
      "entries": [
        {
          "type": "minecraft:item",
          "weight": 5,
          "name": "minecraft:rotten_flesh",
          "functions": [
            {
              "function": "minecraft:set_count",
              "count": {
                "min": 2,
                "max": 6
              },
              "conditions": [
                {
                  "condition": "minecraft:random_chance",
                  "chance": 0.7
                }
              ]
            }
          ]
        },
        {
          "type": "minecraft:item",
          "weight": 2,
          "name": "minecraft:paper",
          "functions": [
            {
              "function": "minecraft:set_nbt",
              "tag": "{display:{Name:'[\"\",{\"text\":\"Prisoner\\'s Note\",\"italic\":false,\"bold\":true,\"color\":\"red\"}]',Lore:['[\"\",{\"text\":\"funny\",\"italic\":false,\"color\":\"red\"}]','[\"\",{\"text\":\"they think strong\",\"italic\":false,\"color\":\"red\"}]','[\"\",{\"text\":\"never\",\"italic\":false,\"color\":\"red\"}]','[\"\",{\"text\":\"i am power\",\"italic\":false,\"color\":\"red\"}]']}}"
            }
          ]
        },
        {
          "type": "minecraft:item",
          "weight": 2,
          "name": "minecraft:book",
          "functions": [
            {
              "function": "minecraft:set_nbt",
              "tag": "{display:{Name:'[\"\",{\"text\":\"Sentry\\'s Diary\",\"italic\":false,\"bold\":true,\"color\":\"red\"}]',Lore:['[\"\",{\"text\":\"Hey, sweetie.\",\"italic\":false,\"color\":\"red\"}]','[\"\",{\"text\":\"I\\'m thinking of you.\",\"italic\":false,\"color\":\"red\"}]','[\"\",{\"text\":\"Hope you and your dad are\",\"italic\":false,\"color\":\"red\"}]','[\"\",{\"text\":\"okay up there.\",\"italic\":false,\"color\":\"red\"}]','[\"\",{\"text\":\"I\\'ll be back soon, okay?\",\"italic\":false,\"color\":\"red\"}]','[\"\",{\"text\":\"I know you won\\'t see this.\",\"italic\":false,\"color\":\"red\"}]','[\"\",{\"text\":\"I just miss you, okay?\",\"italic\":false,\"color\":\"red\"}]','[\"\",{\"text\":\"Wait for me.\",\"italic\":false,\"color\":\"red\"}]','[\"\",{\"text\":\"I love you.\",\"italic\":false,\"color\":\"red\"}]']}}"
            }
          ]
        },
        {
          "type": "minecraft:item",
          "weight": 2,
          "name": "minecraft:book",
          "functions": [
            {
              "function": "minecraft:set_nbt",
              "tag": "{display:{Name:'[\"\",{\"text\":\"Sentry\\'s Diary\",\"italic\":false,\"bold\":true,\"color\":\"red\"}]',Lore:['[\"\",{\"text\":\"First day on duty,\",\"italic\":false,\"color\":\"red\"}]','[\"\",{\"text\":\"This musty place is disgusting!\",\"italic\":false,\"color\":\"red\"}]','[\"\",{\"text\":\"I\\'ve been sneezning non-stop.\",\"italic\":false,\"color\":\"red\"}]','[\"\",{\"text\":\"How is it so dusty?\",\"italic\":false,\"color\":\"red\"}]','[\"\",{\"text\":\"Does anyone bother cleaning?\",\"italic\":false,\"color\":\"red\"}]','[\"\",{\"text\":\"I\\'ve offered to help out.\",\"italic\":false,\"color\":\"red\"}]','[\"\",{\"text\":\"Clean up a bit in my spare\",\"italic\":false,\"color\":\"red\"}]','[\"\",{\"text\":\"time, tidy stuff up, make\",\"italic\":false,\"color\":\"red\"}]','[\"\",{\"text\":\"it look presentable.\",\"italic\":false,\"color\":\"red\"}]','[\"\",{\"text\":\"Sure, I get it, it\\'s a prison.\",\"italic\":false,\"color\":\"red\"}]','[\"\",{\"text\":\"Experiments and such, nothing\",\"italic\":false,\"color\":\"red\"}]','[\"\",{\"text\":\"fancy, nothing pretty.\",\"italic\":false,\"color\":\"red\"}]','[\"\",{\"text\":\"Would it kill anyone to be\",\"italic\":false,\"color\":\"red\"}]','[\"\",{\"text\":\"happy though?\",\"italic\":false,\"color\":\"red\"}]']}}"
            }
          ]
        },
        {
          "type": "minecraft:item",
          "weight": 2,
          "name": "minecraft:paper",
          "functions": [
            {
              "function": "minecraft:set_nbt",
              "tag": "{display:{Name:'[\"\",{\"text\":\"Prisoner\\'s Note\",\"italic\":false,\"bold\":true,\"color\":\"red\"}]',Lore:['[\"\",{\"text\":\"We recovered the lord.\",\"italic\":false,\"color\":\"red\"}]','[\"\",{\"text\":\"Our invasion commences.\",\"italic\":false,\"color\":\"red\"}]','[\"\",{\"text\":\"These mortals provide us\",\"italic\":false,\"color\":\"red\"}]','[\"\",{\"text\":\"knowledge, resources,\",\"italic\":false,\"color\":\"red\"}]','[\"\",{\"text\":\"a fortress.\",\"italic\":false,\"color\":\"red\"}]','[\"\",{\"text\":\"Prepare our scourge.\",\"italic\":false,\"color\":\"red\"}]','[\"\",{\"text\":\"The world is ours.\",\"italic\":false,\"color\":\"red\"}]']}}"
            }
          ]
        }
      ]
    }
  ]
}
