{
  "type": "minecraft:chest",
  "pools": [
    {
      "rolls": 2,
      "entries": [
        {
          "type": "minecraft:item",
          "weight": 2,
          "name": "minecraft:rotten_flesh",
          "functions": [
            {
              "function": "minecraft:set_count",
              "count": {
                "min": 4,
                "max": 16
              },
              "conditions": [
                {
                  "condition": "minecraft:random_chance",
                  "chance": 0.5
                }
              ]
            }
          ]
        },
        {
          "type": "minecraft:item",
          "weight": 5,
          "name": "minecraft:blaze_rod",
          "functions": [
            {
              "function": "minecraft:set_count",
              "count": {
                "min": 4,
                "max": 16
              },
              "conditions": [
                {
                  "condition": "minecraft:random_chance",
                  "chance": 0.5
                }
              ]
            }
          ]
        },
        {
          "type": "minecraft:item",
          "weight": 5,
          "name": "minecraft:bone",
          "functions": [
            {
              "function": "minecraft:set_count",
              "count": {
                "min": 4,
                "max": 16
              },
              "conditions": [
                {
                  "condition": "minecraft:random_chance",
                  "chance": 0.5
                }
              ]
            }
          ]
        }
      ]
    },
    {
      "rolls": 3,
      "entries": [
        {
          "type": "minecraft:item",
          "weight": 5,
          "name": "minecraft:soul_lantern"
        },
        {
          "type": "minecraft:item",
          "weight": 1,
          "name": "minecraft:blaze_rod",
          "functions": [
            {
              "function": "minecraft:set_count",
              "count": {
                "min": 4,
                "max": 16
              },
              "conditions": [
                {
                  "condition": "minecraft:random_chance",
                  "chance": 0.5
                }
              ]
            }
          ]
        },
        {
          "type": "minecraft:item",
          "weight": 5,
          "name": "minecraft:rotten_flesh",
          "functions": [
            {
              "function": "minecraft:set_count",
              "count": {
                "min": 6,
                "max": 24
              },
              "conditions": [
                {
                  "condition": "minecraft:random_chance",
                  "chance": 0.7
                }
              ]
            }
          ]
        },
        {
          "type": "minecraft:item",
          "weight": 1,
          "name": "minecraft:chain",
          "functions": [
            {
              "function": "minecraft:set_count",
              "count": {
                "min": 0,
                "max": 3
              },
              "conditions": [
                {
                  "condition": "minecraft:random_chance",
                  "chance": 0.2
                }
              ]
            }
          ]
        }
      ]
    },
    {
      "rolls": 2,
      "entries": [
        {
          "type": "minecraft:item",
          "weight": 5,
          "name": "minecraft:iron_bars",
          "functions": [
            {
              "function": "minecraft:set_count",
              "count": {
                "min": 2,
                "max": 8
              },
              "conditions": [
                {
                  "condition": "minecraft:random_chance",
                  "chance": 0.5
                }
              ]
            }
          ]
        },
        {
          "type": "minecraft:item",
          "weight": 1,
          "name": "minecraft:chain",
          "functions": [
            {
              "function": "minecraft:set_count",
              "count": {
                "min": 4,
                "max": 16
              },
              "conditions": [
                {
                  "condition": "minecraft:random_chance",
                  "chance": 0.5
                }
              ]
            }
          ]
        },
        {
          "type": "minecraft:item",
          "weight": 5,
          "name": "minecraft:rotten_flesh",
          "functions": [
            {
              "function": "minecraft:set_count",
              "count": {
                "min": 6,
                "max": 24
              },
              "conditions": [
                {
                  "condition": "minecraft:random_chance",
                  "chance": 0.7
                }
              ]
            }
          ]
        },
        {
          "type": "minecraft:item",
          "weight": 1,
          "name": "minecraft:soul_lantern",
          "functions": [
            {
              "function": "minecraft:set_count",
              "count": {
                "min": 0,
                "max": 3
              },
              "conditions": [
                {
                  "condition": "minecraft:random_chance",
                  "chance": 0.2
                }
              ]
            }
          ]
        },
        {
          "type": "minecraft:item",
          "weight": 1,
          "name": "minecraft:magma_block",
          "functions": [
            {
              "function": "minecraft:set_count",
              "count": {
                "min": 1,
                "max": 2
              },
              "conditions": [
                {
                  "condition": "minecraft:random_chance",
                  "chance": 0.2
                }
              ]
            }
          ]
        },
        {
          "type": "minecraft:item",
          "weight": 1,
          "name": "minecraft:iron_ingot",
          "functions": [
            {
              "function": "minecraft:set_count",
              "count": {
                "min": 3,
                "max": 12
              },
              "conditions": [
                {
                  "condition": "minecraft:random_chance",
                  "chance": 0.2
                }
              ]
            }
          ]
        },
        {
          "type": "minecraft:item",
          "weight": 3,
          "name": "minecraft:blaze_powder",
          "functions": [
            {
              "function": "minecraft:set_count",
              "count": {
                "min": 20,
                "max": 40
              },
              "conditions": [
                {
                  "condition": "minecraft:random_chance",
                  "chance": 0.2
                }
              ]
            }
          ]
        }
      ]
    },
    {
      "rolls": 2,
      "entries": [
        {
          "type": "minecraft:item",
          "weight": 4,
          "name": "minecraft:rotten_flesh",
          "functions": [
            {
              "function": "minecraft:set_count",
              "count": {
                "min": 6,
                "max": 24
              },
              "conditions": [
                {
                  "condition": "minecraft:random_chance",
                  "chance": 0.7
                }
              ]
            }
          ]
        },
        {
          "type": "minecraft:item",
          "weight": 4,
          "name": "minecraft:soul_sand",
          "functions": [
            {
              "function": "minecraft:set_count",
              "count": {
                "min": 4,
                "max": 16
              },
              "conditions": [
                {
                  "condition": "minecraft:random_chance",
                  "chance": 0.9
                }
              ]
            }
          ]
        },
        {
          "type": "minecraft:item",
          "weight": 2,
          "name": "minecraft:iron_pickaxe",
          "functions": [
            {
              "function": "minecraft:enchant_with_levels",
              "levels": {
                "min": 0,
                "max": 16
              },
              "conditions": [
                {
                  "condition": "minecraft:random_chance",
                  "chance": 0.9
                }
              ]
            }
          ]
        },
        {
          "type": "minecraft:item",
          "weight": 1,
          "name": "minecraft:netherite_pickaxe",
          "functions": [
            {
              "function": "minecraft:enchant_with_levels",
              "levels": {
                "min": 0,
                "max": 4
              },
              "conditions": [
                {
                  "condition": "minecraft:random_chance",
                  "chance": 0.6
                }
              ]
            }
          ]
        },
        {
          "type": "minecraft:item",
          "weight": 1,
          "name": "minecraft:golden_pickaxe",
          "functions": [
            {
              "function": "minecraft:enchant_with_levels",
              "levels": {
                "min": 0,
                "max": 4
              },
              "conditions": [
                {
                  "condition": "minecraft:random_chance",
                  "chance": 0.6
                }
              ]
            }
          ]
        },
        {
          "type": "minecraft:item",
          "weight": 1,
          "name": "minecraft:netherite_pickaxe",
          "functions": [
            {
              "function": "minecraft:enchant_with_levels",
              "levels": {
                "min": 0,
                "max": 16
              },
              "conditions": [
                {
                  "condition": "minecraft:random_chance",
                  "chance": 0.6
                }
              ]
            }
          ]
        },
        {
          "type": "minecraft:item",
          "weight": 4,
          "name": "minecraft:stone_sword",
          "functions": [
            {
              "function": "minecraft:enchant_with_levels",
              "levels": {
                "min": 0,
                "max": 4
              },
              "conditions": [
                {
                  "condition": "minecraft:random_chance",
                  "chance": 0.6
                }
              ]
            }
          ]
        },
        {
          "type": "minecraft:item",
          "weight": 2,
          "name": "minecraft:iron_sword",
          "functions": [
            {
              "function": "minecraft:enchant_with_levels",
              "levels": {
                "min": 0,
                "max": 4
              },
              "conditions": [
                {
                  "condition": "minecraft:random_chance",
                  "chance": 0.6
                }
              ]
            }
          ]
        },
        {
          "type": "minecraft:item",
          "weight": 10,
          "name": "minecraft:iron_ingot",
          "functions": [
            {
              "function": "minecraft:set_count",
              "count": {
                "min": 4,
                "max": 14
              }
            }
          ]
        },
        {
          "type": "minecraft:item",
          "weight": 10,
          "name": "minecraft:magma_block",
          "functions": [
            {
              "function": "minecraft:set_count",
              "count": {
                "min": 3,
                "max": 7
              }
            }
          ]
        },
        {
          "type": "minecraft:item",
          "weight": 20,
          "name": "minecraft:gold_nugget",
          "functions": [
            {
              "function": "minecraft:set_count",
              "count": {
                "min": 3,
                "max": 16
              }
            }
          ]
        },
        {
          "type": "minecraft:item",
          "weight": 5,
          "name": "minecraft:bone",
          "functions": [
            {
              "function": "minecraft:set_count",
              "count": {
                "min": 12,
                "max": 16
              }
            }
          ]
        },
        {
          "type": "minecraft:item",
          "weight": 2,
          "name": "minecraft:enchanted_golden_apple",
          "functions": [
            {
              "function": "minecraft:set_count",
              "count": {
                "min": 1,
                "max": 3
              }
            }
          ]
        },
        {
          "type": "minecraft:item",
          "weight": 2,
          "name": "minecraft:cooked_porkchop",
          "functions": [
            {
              "function": "minecraft:set_count",
              "count": {
                "min": 12,
                "max": 16
              }
            }
          ]
        },
        {
          "type": "minecraft:item",
          "weight": 2,
          "name": "minecraft:clock"
        },
        {
          "type": "minecraft:item",
          "weight": 2,
          "name": "minecraft:compass"
        },
        {
          "type": "minecraft:item",
          "weight": 2,
          "name": "minecraft:recovery_compass"
        },
        {
          "type": "minecraft:item",
          "weight": 1,
          "name": "minecraft:potion",
          "functions": [
            {
              "function": "minecraft:set_nbt",
              "tag": "{CustomPotionColor:14549045,CustomPotionEffects:[{Id:12,Duration:24000,Amplifier:2},{Id:7,Duration:2,Amplifier:2}],display:{Name:'[\"\",{\"text\":\"Hell Blood\",\"italic\":false,\"bold\":true,\"color\":\"red\"}]',Lore:['[\"\",{\"text\":\"Trickling embers of magma,\",\"italic\":false,\"color\":\"red\"}]','[\"\",{\"text\":\"sourced from life itself.\",\"italic\":false,\"color\":\"red\"}]']}}"
            }
          ]
        }
      ]
    },
    {
      "rolls": {
        "min": 0,
        "max": 1
      },
      "entries": [
        {
          "type": "minecraft:item",
          "weight": 5,
          "name": "minecraft:rotten_flesh",
          "functions": [
            {
              "function": "minecraft:set_count",
              "count": {
                "min": 2,
                "max": 6
              },
              "conditions": [
                {
                  "condition": "minecraft:random_chance",
                  "chance": 0.7
                }
              ]
            }
          ]
        },
        {
          "type": "minecraft:item",
          "weight": 2,
          "name": "minecraft:paper",
          "functions": [
            {
              "function": "minecraft:set_nbt",
              "tag": "{display:{Name:'[\"\",{\"text\":\"Sentry\\'s Note\",\"italic\":false,\"bold\":true,\"color\":\"red\"}]',Lore:['[\"\",{\"text\":\"We captured another one.\",\"italic\":false,\"color\":\"red\"}]','[\"\",{\"text\":\"The portal was worth it.\",\"italic\":false,\"color\":\"red\"}]','[\"\",{\"text\":\"Each prisoner has offered\",\"italic\":false,\"color\":\"red\"}]','[\"\",{\"text\":\"extensive information.\",\"italic\":false,\"color\":\"red\"}]','[\"\",{\"text\":\"Experiments are yielding results.\",\"italic\":false,\"color\":\"red\"}]','[\"\",{\"text\":\"We will have our answer soon.\",\"italic\":false,\"color\":\"red\"}]']}}"
            }
          ]
        },
        {
          "type": "minecraft:item",
          "weight": 2,
          "name": "minecraft:book",
          "functions": [
            {
              "function": "minecraft:set_nbt",
              "tag": "{display:{Name:'[\"\",{\"text\":\"Sentry\\'s Diary\",\"italic\":false,\"bold\":true,\"color\":\"red\"}]',Lore:['[\"\",{\"text\":\"More supplies from the surface.\",\"italic\":false,\"color\":\"red\"}]','[\"\",{\"text\":\"We got cake. Finally.\",\"italic\":false,\"color\":\"red\"}]','[\"\",{\"text\":\"Something good.\",\"italic\":false,\"color\":\"red\"}]','[\"\",{\"text\":\"For once.\",\"italic\":false,\"color\":\"red\"}]','[\"\",{\"text\":\"It\\'s Josephine\\'s birthday.\",\"italic\":false,\"color\":\"red\"}]','[\"\",{\"text\":\"Samuel is struggling.\",\"italic\":false,\"color\":\"red\"}]','[\"\",{\"text\":\"Red eyes, skin... tearing.\",\"italic\":false,\"color\":\"red\"}]','[\"\",{\"text\":\"We saw bone, yesterday.\",\"italic\":false,\"color\":\"red\"}]','[\"\",{\"text\":\"Healing can only do so much.\",\"italic\":false,\"color\":\"red\"}]','[\"\",{\"text\":\"What a rotten birthday.\",\"italic\":false,\"color\":\"red\"}]']}}"
            }
          ]
        },
        {
          "type": "minecraft:item",
          "weight": 2,
          "name": "minecraft:book",
          "functions": [
            {
              "function": "minecraft:set_nbt",
              "tag": "{display:{Name:'[\"\",{\"text\":\"Sentry\\'s Diary\",\"italic\":false,\"bold\":true,\"color\":\"red\"}]',Lore:['[\"\",{\"text\":\"I miss my family.\",\"italic\":false,\"color\":\"red\"}]','[\"\",{\"text\":\"I miss the sky.\",\"italic\":false,\"color\":\"red\"}]','[\"\",{\"text\":\"The sun, the grass, the flowers.\",\"italic\":false,\"color\":\"red\"}]','[\"\",{\"text\":\"We had to shut this place\",\"italic\":false,\"color\":\"red\"}]','[\"\",{\"text\":\"into lockdown.\",\"italic\":false,\"color\":\"red\"}]','[\"\",{\"text\":\"Total isolation.\",\"italic\":false,\"color\":\"red\"}]','[\"\",{\"text\":\"No surface access ever again.\",\"italic\":false,\"color\":\"red\"}]','[\"\",{\"text\":\"Is it a week, now? Two?\",\"italic\":false,\"color\":\"red\"}]','[\"\",{\"text\":\"It might be longer.\",\"italic\":false,\"color\":\"red\"}]','[\"\",{\"text\":\"We have clocks, but who\",\"italic\":false,\"color\":\"red\"}]','[\"\",{\"text\":\"can trust a piece of metal?\",\"italic\":false,\"color\":\"red\"}]','[\"\",{\"text\":\"Junk items don\\'t know\",\"italic\":false,\"color\":\"red\"}]','[\"\",{\"text\":\"what they\\'re talking about.\",\"italic\":false,\"color\":\"red\"}]']}}"
            }
          ]
        },
        {
          "type": "minecraft:item",
          "weight": 2,
          "name": "minecraft:paper",
          "functions": [
            {
              "function": "minecraft:set_nbt",
              "tag": "{display:{Name:'[\"\",{\"text\":\"Sentry\\'s Note\",\"italic\":false,\"bold\":true,\"color\":\"red\"}]',Lore:['[\"\",{\"text\":\"I might not last longer.\",\"italic\":false,\"color\":\"red\"}]','[\"\",{\"text\":\"The barricade is giving in.\",\"italic\":false,\"color\":\"red\"}]','[\"\",{\"text\":\"Those deathly creatures,\",\"italic\":false,\"color\":\"red\"}]','[\"\",{\"text\":\"more powerful than skeletons.\",\"italic\":false,\"color\":\"red\"}]','[\"\",{\"text\":\"So similar, so different.\",\"italic\":false,\"color\":\"red\"}]','[\"\",{\"text\":\"Do not let them near you.\",\"italic\":false,\"color\":\"red\"}]','[\"\",{\"text\":\"Do not let them see you.\",\"italic\":false,\"color\":\"red\"}]','[\"\",{\"text\":\"Do not let them find you.\",\"italic\":false,\"color\":\"red\"}]','[\"\",{\"text\":\"When you read this, blow this up.\",\"italic\":false,\"color\":\"red\"}]','[\"\",{\"text\":\"Destroy this facility.\",\"italic\":false,\"color\":\"red\"}]','[\"\",{\"text\":\"We cannot let those escape.\",\"italic\":false,\"color\":\"red\"}]']}}"
            }
          ]
        }
      ]
    }
  ]
}
