{
    "display": {
      "icon": {
        "id": "oak_log",
        "count": 1
      },
      "title": "What are villagers doing here?",
      "description": "Break your way into a Minhold"
    },
    "parent": "mingen:root",
    "criteria": {
      "minhold": {
        "trigger": "minecraft:location",
        "conditions": {
          "player": [
            {
              "condition": "minecraft:entity_properties",
              "entity": "this",
              "predicate": {
                "location": {
                  "structures": "mingen:minhold"
                }
              }
            }
          ]
        }
      }
    },
    "requirements": [
      [
        "minhold"
      ]
    ],
    "sends_telemetry_event": true
  }
  