{
	"type": "minecraft:chest",
	"pools": [
		{
			"rolls": 1,
			"bonus_rolls": 0,
			"entries": [
				{
					"type": "minecraft:loot_table",
					"name": "minecraft:chests/village/village_plains_house"
				}
			]
		},
		{
			"rolls": {
				"type": "minecraft:uniform",
				"min": 1,
				"max": 3
			},
			"entries": [
				{
					"type": "minecraft:item",
					"name": "minecraft:dark_oak_log"
				},
				{
					"type": "minecraft:item",
					"name": "minecraft:dark_oak_sapling"
				},
				{
					"type": "minecraft:item",
					"name": "minecraft:red_mushroom"
				}
			],
			"functions": [
				{
					"function": "minecraft:set_count",
					"count": {
						"type": "minecraft:uniform",
						"min": 1,
						"max": 3
					}
				}
			]
		},
		{
			"rolls": {
				"type": "minecraft:binomial",
				"n": 2,
				"p": 0.2
			},
			"entries": [
				{
					"type": "minecraft:item",
					"name": "minecraft:gold_ingot",
					"weight": 10,
					"functions": [
						{
							"function": "minecraft:set_count",
							"count": {
								"type": "minecraft:uniform",
								"min": 3,
								"max": 7
							}
						}
					]
				},
				{
					"type": "minecraft:item",
					"name": "minecraft:golden_apple",
					"weight": 5
				},
				{
					"type": "minecraft:item",
					"name": "minecraft:music_disc_cat",
					"weight": 1
				},
				{
					"type": "minecraft:item",
					"name": "minecraft:music_disc_13",
					"weight": 1
				}
			]
		}
	]
}
