{
  "name": "joshie:small_fossils",
  "fallback": "minecraft:empty",
  "elements": [
    {
      "weight": 1,
      "element": {
        "element_type": "minecraft:single_pool_element",
        "location": "joshie:prismarine_fossil_1",
        "processors": "minecraft:empty",
        "projection": "rigid"
      }
    },
    {
      "weight": 1,
      "element": {
        "element_type": "minecraft:single_pool_element",
        "location": "joshie:prismarine_fossil_2",
        "processors": "minecraft:empty",
        "projection": "rigid"
      }
    }
  ]
}
