{
  "name": "joshie:spacer",
  "fallback": "minecraft:empty",
  "elements": [
    {
      "weight": 1,
      "element": {
        "element_type": "minecraft:single_pool_element",
        "location": "joshie:floating_spikes/y_2",
        "processors": "minecraft:empty",
        "projection": "rigid"
      }
    },
    {
      "weight": 1,
      "element": {
        "element_type": "minecraft:single_pool_element",
        "location": "joshie:floating_spikes/y_3",
        "processors": "minecraft:empty",
        "projection": "rigid"
      }
    },
    {
      "weight": 1,
      "element": {
        "element_type": "minecraft:single_pool_element",
        "location": "joshie:floating_spikes/y_4",
        "processors": "minecraft:empty",
        "projection": "rigid"
      }
    }
  ]
}
