{
  "name": "joshie:spikes",
  "fallback": "minecraft:empty",
  "elements": [
    {
      "weight": 1,
      "element": {
        "element_type": "minecraft:single_pool_element",
        "location": "joshie:floating_spikes/dark_prismarine_spike",
        "processors": "minecraft:empty",
        "projection": "rigid"
      }
    },
    {
      "weight": 1,
      "element": {
        "element_type": "minecraft:single_pool_element",
        "location": "joshie:floating_spikes/prismarine_bricks_spike",
        "processors": "minecraft:empty",
        "projection": "rigid"
      }
    },
    {
      "weight": 1,
      "element": {
        "element_type": "minecraft:single_pool_element",
        "location": "joshie:floating_spikes/prismarine_spike",
        "processors": "minecraft:empty",
        "projection": "rigid"
      }
    }
  ]
}
