{
  "name": "joshie:sunken_roads",
  "fallback": "minecraft:empty",
  "elements": [
    {
      "weight": 1,
      "element": {
        "element_type": "minecraft:single_pool_element",
        "location": "joshie:city_ruins/sunken_road_1",
        "processors": "minecraft:empty",
        "projection": "rigid"
      }
    },
    {
      "weight": 1,
      "element": {
        "element_type": "minecraft:single_pool_element",
        "location": "joshie:city_ruins/sunken_road_2",
        "processors": "minecraft:empty",
        "projection": "rigid"
      }
    }
  ]
}
