{
    "type": "minecraft:jigsaw",
    "biomes": "#ati_structures:nomadic_camp",
    "max_distance_from_center": 80,
    "project_start_to_heightmap": "WORLD_SURFACE_WG",
    "size": 7,
    "spawn_overrides": {
        "monster": {
            "bounding_box": "full",
            "spawns": []
        }
    },
    "start_height": {
        "absolute": 0
    },
    "start_pool": "ati_structures:nomadic_camp",
    "step": "surface_structures",
    "terrain_adaptation": "beard_thin",
    "use_expansion_hack": true
}
