{
    "name": "kattersstructures:witch_circle/witches",
    "fallback": "minecraft:empty",
    "elements": [{
        "weight": 5,
        "element": {
            "element_type": "minecraft:single_pool_element",
            "projection": "rigid",
            "processors": "minecraft:empty",
            "location": "kattersstructures:witch_circle/witch_1"
        }
    },{
        "weight": 5,
        "element": {
            "element_type": "minecraft:single_pool_element",
            "projection": "rigid",
            "processors": "minecraft:empty",
            "location": "kattersstructures:witch_circle/witch_2"
        }
    },{
        "weight": 1,
        "element": {
            "element_type": "minecraft:single_pool_element",
            "projection": "rigid",
            "processors": "minecraft:empty",
            "location": "kattersstructures:witch_circle/witch_3"
        }
    }]
}