{
    "replace": false,
    "values": [
      "#minecraft:is_ocean",
  
      { "id": "#terralith:is_ocean", "required": false },
      { "id": "#terralith:ocean", "required": false },
  
      { "id": "#biomesoplenty:is_ocean", "required": false },
      { "id": "#biomesoplenty:ocean", "required": false },
  
      { "id": "#byg:is_ocean", "required": false },
      { "id": "#byg:ocean", "required": false },
  
      { "id": "#regions_unexplored:is_ocean", "required": false },
      { "id": "#regions_unexplored:ocean", "required": false },
  
      { "id": "#ecotones:is_ocean", "required": false },
      { "id": "#ecotones:ocean", "required": false },
  
      { "id": "#wilderwild:is_ocean", "required": false },
      { "id": "#wilderwild:ocean", "required": false },
  
      { "id": "#traverse:is_ocean", "required": false },
      { "id": "#traverse:ocean", "required": false },
  
      { "id": "#wwoo:is_ocean", "required": false },
      { "id": "#wwoo:ocean", "required": false }
    ]
  }
  