﻿{
    "type": "minecraft:crafting_shaped",
    "pattern": [
        " T ",
        "SES",
        " G "
    ],
    "key": {
        "E": {
            "item": "minecraft:cow_spawn_egg"
        },
        "G": {
            "tag": "spawnercraft:cost_items"
        },
        "T": {
            "item": "minecraft:red_mushroom_block"
        },
        "S": {
            "item": "minecraft:red_mushroom"
        }
    },
    "result": {
        "item": "minecraft:mooshroom_spawn_egg",
        "count": 1
    },
    "group": "friendly"
}