{
    "type": "minecraft:crafting_shaped",
    "pattern": [
        " C ",
        "ESG",
        " S "
    ],
    "key": {
        "E": {
            "tag": "spawnercraft:egg_items"
        },
        "G": {
            "tag": "spawnercraft:cost_items"
        },
        "C": {
            "item": "minecraft:carved_pumpkin"
        },
        "S": {
            "item": "minecraft:snow_block"
        }
    },
    "result": {
        "item": "minecraft:snow_golem_spawn_egg",
        "count": 1
    },
    "group": "friendly"
}