{
  "name": "explorify:mausoleum",
  "fallback": "minecraft:empty",
  "elements": [
    {
      "weight": 1,
      "element": {
        "element_type": "minecraft:single_pool_element",
        "location": "explorify:mausoleum/whole",
        "projection": "rigid",
        "processors": "explorify:mausoleum_processor"
      }
    },
    {
      "weight": 1,
      "element": {
        "element_type": "minecraft:single_pool_element",
        "location": "explorify:mausoleum/whole_02",
        "projection": "rigid",
        "processors": "explorify:mausoleum_processor"
      }
    }
  ]
}