{
  "name": "overhauledstructures:overhauleddungeonspiders/ovds_wall",
  "fallback": "overhauledstructures:overhauleddungeonspiders/ovds_wall",
  "elements": [
    {
      "weight": 50,
      "element": {
        "location": "overhauledstructures:ovds/ovds_wall_1",
        "processors": "minecraft:empty",
        "projection": "rigid",
        "element_type": "minecraft:single_pool_element"
      }
    },
    {
      "weight": 50,
      "element": {
        "location": "overhauledstructures:ovds/ovds_wall_2",
        "processors": "minecraft:empty",
        "projection": "rigid",
        "element_type": "minecraft:single_pool_element"
      }
    },
    {
      "weight": 1,
      "element": {
        "location": "overhauledstructures:ovds/ovds_wall_3",
        "processors": "minecraft:empty",
        "projection": "rigid",
        "element_type": "minecraft:single_pool_element"
      }
    }
  ]
}