{
  "name": "overhauledstructures:overhauleddungeonbasic/ovds_feature",
  "fallback": "minecraft:empty",
  "elements": [
    {
      "weight": 6,
      "element": {
        "location": "overhauledstructures:ovds/ovds_feature_1",
        "processors": "minecraft:empty",
        "projection": "rigid",
        "element_type": "minecraft:single_pool_element"
      }
    },
    {
      "weight": 6,
      "element": {
        "location": "overhauledstructures:ovds/ovds_feature_2",
        "processors": "minecraft:empty",
        "projection": "rigid",
        "element_type": "minecraft:single_pool_element"
      }
    },
    {
      "weight": 6,
      "element": {
        "location": "overhauledstructures:ovds/ovds_feature_3",
        "processors": "minecraft:empty",
        "projection": "rigid",
        "element_type": "minecraft:single_pool_element"
      }
    },
    {
      "weight": 6,
      "element": {
        "location": "overhauledstructures:ovds/ovds_feature_4",
        "processors": "minecraft:empty",
        "projection": "rigid",
        "element_type": "minecraft:single_pool_element"
      }
    },
    {
      "weight": 6,
      "element": {
        "location": "overhauledstructures:ovds/ovds_feature_5",
        "processors": "minecraft:empty",
        "projection": "rigid",
        "element_type": "minecraft:single_pool_element"
      }
    },
    {
      "weight": 6,
      "element": {
        "location": "overhauledstructures:ovds/ovds_feature_6",
        "processors": "minecraft:empty",
        "projection": "rigid",
        "element_type": "minecraft:single_pool_element"
      }
    },
    {
      "weight": 6,
      "element": {
        "location": "overhauledstructures:ovds/ovds_feature_7",
        "processors": "minecraft:empty",
        "projection": "rigid",
        "element_type": "minecraft:single_pool_element"
      }
    },
    {
      "weight": 2,
      "element": {
        "location": "overhauledstructures:ovds/ovds_feature_8",
        "processors": "minecraft:empty",
        "projection": "rigid",
        "element_type": "minecraft:single_pool_element"
      }
    },
    {
      "weight": 2,
      "element": {
        "location": "overhauledstructures:ovds/ovds_feature_9",
        "processors": "minecraft:empty",
        "projection": "rigid",
        "element_type": "minecraft:single_pool_element"
      }
    },
    {
      "weight": 2,
      "element": {
        "location": "overhauledstructures:ovds/ovds_feature_10",
        "processors": "minecraft:empty",
        "projection": "rigid",
        "element_type": "minecraft:single_pool_element"
      }
    },
    {
      "weight": 2,
      "element": {
        "location": "overhauledstructures:ovds/ovds_feature_11",
        "processors": "minecraft:empty",
        "projection": "rigid",
        "element_type": "minecraft:single_pool_element"
      }
    },
    {
      "weight": 2,
      "element": {
        "location": "overhauledstructures:ovds/ovds_feature_12",
        "processors": "minecraft:empty",
        "projection": "rigid",
        "element_type": "minecraft:single_pool_element"
      }
    },
    {
      "weight": 2,
      "element": {
        "location": "overhauledstructures:ovds/ovds_feature_13",
        "processors": "minecraft:empty",
        "projection": "rigid",
        "element_type": "minecraft:single_pool_element"
      }
    }
  ]
}