{
	"name": "explorify:farmstead/main",
	"fallback": "minecraft:empty",
	"elements": [
		{
			"weight": 1,
			"element": {
				"element_type": "minecraft:single_pool_element",
				"location": "explorify:farmstead/main/01",
				"projection": "rigid",
				"processors": "minecraft:empty"
			}
		},
		{
			"weight": 1,
			"element": {
				"element_type": "minecraft:single_pool_element",
				"location": "explorify:farmstead/main/02",
				"projection": "rigid",
				"processors": "minecraft:empty"
			}
		}
	]
}