{
  "pools": [
    {
      "rolls": 9,
      "entries": [
        {
          "type": "minecraft:item",
          "name": "minecraft:wheat",
          "weight": 2,
          "functions": [
            {
              "function": "minecraft:set_count",
              "count": 2
            }
          ]
        },
        {
          "type": "minecraft:item",
          "name": "minecraft:wheat_seeds",
          "weight": 3,
          "functions": [
            {
              "function": "minecraft:set_count",
              "count": 3
            }
          ]
        },
        {
          "type": "minecraft:item",
          "name": "minecraft:bread",
          "weight": 1,
          "functions": [
            {
              "function": "minecraft:set_count",
              "count": 1
            }
          ]
        }
      ]
    }
  ]
}