{
  "pools": [
    {
      "rolls": {
        "min": 16,
        "max": 24
      },
      "bonus_rolls": 0,
      "entries": [
        {
          "type": "minecraft:item",
          "name": "minecraft:cod",
          "weight": 24
        },
        {
          "type": "minecraft:item",
          "name": "minecraft:string",
          "weight": 18
        },
        {
          "type": "minecraft:item",
          "name": "minecraft:iron_ingot",
          "weight": 15
        },
        {
          "type": "minecraft:item",
          "name": "minecraft:gold_ingot",
          "weight": 14
        },
        {
          "type": "minecraft:item",
          "name": "minecraft:diamond",
          "weight": 3
        },
        {
          "type": "minecraft:item",
          "name": "minecraft:bone",
          "weight": 14
        },
        {
          "type": "minecraft:item",
          "name": "minecraft:lapis_lazuli",
          "weight": 16
        },
        {
          "type": "minecraft:item",
          "name": "minecraft:emerald",
          "weight": 14
        }
      ]
    }
  ]
}
