{
    "type": "minecraft:chest",
    "pools": [
      {
        "rolls": 1,
        "entries": [
          { "type": "minecraft:item", "name": "minecraft:tripwire_hook", "weight": 30 },
  
          { "type": "minecraft:item", "name": "minecraft:cooked_cod", "weight": 25,
            "functions": [
              { "function": "minecraft:set_count", "count": { "type": "minecraft:uniform", "min": 2, "max": 4 } }
            ]
          },
          { "type": "minecraft:item", "name": "minecraft:prismarine_shard", "weight": 20,
            "functions": [
              { "function": "minecraft:set_count", "count": { "type": "minecraft:uniform", "min": 4, "max": 8 } }
            ]
          },
          { "type": "minecraft:item", "name": "minecraft:iron_ingot", "weight": 15,
            "functions": [
              { "function": "minecraft:set_count", "count": { "type": "minecraft:uniform", "min": 1, "max": 3 } }
            ]
          },
          { "type": "minecraft:item", "name": "minecraft:potion", "weight": 10,
            "functions": [
              { "function": "minecraft:set_potion", "id": "minecraft:water_breathing" }
            ]
          }
        ]
      }
    ]
  }
  