{
    "type": "minecraft:chest",
    "pools": [
      {
        "rolls": 1,
        "entries": [
          { "type": "minecraft:item", "name": "minecraft:tripwire_hook", "weight": 50 },
  
          { "type": "minecraft:item", "name": "minecraft:cod", "weight": 20,
            "functions": [
              { "function": "minecraft:set_count", "count": { "type": "minecraft:uniform", "min": 2, "max": 5 } }
            ]
          },
          { "type": "minecraft:item", "name": "minecraft:prismarine_shard", "weight": 15,
            "functions": [
              { "function": "minecraft:set_count", "count": { "type": "minecraft:uniform", "min": 3, "max": 6 } }
            ]
          },
          { "type": "minecraft:item", "name": "minecraft:kelp", "weight": 10,
            "functions": [
              { "function": "minecraft:set_count", "count": { "type": "minecraft:uniform", "min": 4, "max": 8 } }
            ]
          },
          { "type": "minecraft:item", "name": "minecraft:iron_nugget", "weight": 5,
            "functions": [
              { "function": "minecraft:set_count", "count": { "type": "minecraft:uniform", "min": 3, "max": 6 } }
            ]
          }
        ]
      }
    ]
  }
  