{
    "processors": [
      {
        "processor_type": "minecraft:rule",
        "rules": [
          {
            "input_predicate": {
              "predicate_type": "minecraft:random_block_match",
              "block": "minecraft:sand",
              "probability": 0.2
            },
            "location_predicate": { "predicate_type": "minecraft:always_true" },
            "output_state": { "Name": "minecraft:suspicious_sand" },
            "block_entity_modifier": {
              "type": "minecraft:append_loot",
              "loot_table": "joshie:archaeology/conduit_ruins"
            }
          },
          {
            "input_predicate": {
              "predicate_type": "minecraft:random_block_match",
              "block": "minecraft:gravel",
              "probability": 0.2
            },
            "location_predicate": { "predicate_type": "minecraft:always_true" },
            "output_state": { "Name": "minecraft:suspicious_gravel" },
            "block_entity_modifier": {
              "type": "minecraft:append_loot",
              "loot_table": "joshie:archaeology/conduit_ruins"
            }
          }
        ]
      }
    ]
  }
  