{
    "type": "minecraft:chest",
    "pools": [
      {
        "rolls": 1,
        "entries": [
          { "type": "minecraft:item", "name": "minecraft:gold_ingot", "weight": 25,
            "functions": [
              { "function": "minecraft:set_count", "count": { "type": "minecraft:uniform", "min": 4, "max": 8 } }
            ]
          },
          { "type": "minecraft:item", "name": "minecraft:prismarine_crystals", "weight": 20,
            "functions": [
              { "function": "minecraft:set_count", "count": { "type": "minecraft:uniform", "min": 5, "max": 8 } }
            ]
          },
  
          { "type": "minecraft:item", "name": "minecraft:trident", "weight": 5,
            "functions": [
              { "function": "minecraft:set_damage", "damage": { "type": "minecraft:uniform", "min": 0.55, "max": 0.85 } },
              { "function": "minecraft:enchant_randomly", "enchantments": ["minecraft:loyalty","minecraft:channeling","minecraft:riptide"] },
              { "function": "minecraft:enchant_with_levels", "levels": { "type": "minecraft:uniform", "min": 24, "max": 28 }, "treasure": false }
            ]
          },
  
          { "type": "minecraft:item", "name": "minecraft:iron_helmet", "weight": 15,
            "functions": [
              { "function": "minecraft:enchant_randomly", "enchantments": ["minecraft:protection","minecraft:respiration","minecraft:aqua_affinity"] },
              { "function": "minecraft:enchant_with_levels", "levels": { "type": "minecraft:uniform", "min": 24, "max": 28 }, "treasure": false }
            ]
          },
          { "type": "minecraft:item", "name": "minecraft:iron_boots", "weight": 15,
            "functions": [
              { "function": "minecraft:enchant_randomly", "enchantments": ["minecraft:protection","minecraft:depth_strider"] },
              { "function": "minecraft:enchant_with_levels", "levels": { "type": "minecraft:uniform", "min": 24, "max": 28 }, "treasure": false }
            ]
          },
  
          { "type": "minecraft:item", "name": "minecraft:heart_of_the_sea", "weight": 5 },
  
          { "type": "minecraft:item", "name": "minecraft:book", "weight": 15,
            "functions": [
              { "function": "minecraft:enchant_randomly", "enchantments": ["minecraft:mending","minecraft:unbreaking","minecraft:vanishing_curse"] }
            ]
          }
        ]
      }
    ]
  }
  