{
    "type": "minecraft:chest",
    "pools": [
      {
        "rolls": 1,
        "entries": [
          { "type": "minecraft:item", "name": "minecraft:gold_ingot", "weight": 25,
            "functions": [
              { "function": "minecraft:set_count", "count": { "type": "minecraft:uniform", "min": 3, "max": 6 } }
            ]
          },
          { "type": "minecraft:item", "name": "minecraft:prismarine_crystals", "weight": 20,
            "functions": [
              { "function": "minecraft:set_count", "count": { "type": "minecraft:uniform", "min": 4, "max": 6 } }
            ]
          },
  
          { "type": "minecraft:item", "name": "minecraft:fishing_rod", "weight": 20,
            "functions": [
              { "function": "minecraft:enchant_randomly", "enchantments": ["minecraft:lure","minecraft:luck_of_the_sea"] },
              { "function": "minecraft:enchant_with_levels", "levels": { "type": "minecraft:uniform", "min": 20, "max": 24 }, "treasure": false }
            ]
          },
  
          { "type": "minecraft:item", "name": "minecraft:trident", "weight": 3,
            "functions": [
              { "function": "minecraft:set_damage", "damage": { "type": "minecraft:uniform", "min": 0.60, "max": 0.90 } },
              { "function": "minecraft:enchant_randomly", "enchantments": ["minecraft:loyalty"] }
            ]
          },
  
          { "type": "minecraft:item", "name": "minecraft:heart_of_the_sea", "weight": 10 },
  
          { "type": "minecraft:item", "name": "minecraft:iron_helmet", "weight": 5,
            "functions": [
              { "function": "minecraft:enchant_randomly", "enchantments": ["minecraft:protection","minecraft:respiration","minecraft:aqua_affinity"] },
              { "function": "minecraft:enchant_with_levels", "levels": { "type": "minecraft:uniform", "min": 18, "max": 22 }, "treasure": false }
            ]
          },
          { "type": "minecraft:item", "name": "minecraft:iron_boots", "weight": 5,
            "functions": [
              { "function": "minecraft:enchant_randomly", "enchantments": ["minecraft:protection","minecraft:depth_strider"] },
              { "function": "minecraft:enchant_with_levels", "levels": { "type": "minecraft:uniform", "min": 18, "max": 22 }, "treasure": false }
            ]
          }
        ]
      }
    ]
  }
  