{
    "replace": false,
    "values": [
        "minecraft:plains",
        "minecraft:savanna",
        "minecraft:sunflower_plains",
        "minecraft:forest",
        "sparse_jungle",
        "birch_forest",
        "old_growth_birch_forest",
        "old_growth_spruce_taiga",
        "old_growth_pine_taiga",
        {
            "id": "#terralith:has_structure/fortified_village",
            "required": false
        },
        {
            "id": "#c:is_plains",
            "required": false
        },
        "minecraft:jungle",
        "minecraft:bamboo_jungle",
        "minecraft:sparse_jungle",
        {
            "id": "terralith:rocky_jungle",
            "required": false
        },
        {
            "id": "terralith:amethyst_rainforest",
            "required": false
        },
        {
            "id": "#c:is_jungle",
            "required": false
        }
    ]
}