{
    "replace": false,
    "values": [
        "minecraft:jungle",
        "minecraft:bamboo_jungle",
        "minecraft:sparse_jungle",
        "old_growth_spruce_taiga",
        "old_growth_pine_taiga",
        "minecraft:dark_forest",
        "minecraft:forest",
        {
            "id": "terralith:rocky_jungle",
            "required": false
        },
        {
            "id": "terralith:amethyst_rainforest",
            "required": false
        },
        {
            "id": "#c:is_jungle",
            "required": false
        },
        {
            "id": "#c:is_forest",
            "required": false
        },
        {
            "id": "#c:is_plains",
            "required": false
        },
        {
            "id": "#c:plains",
            "required": false
        }
    ]
}