{
    "replace": false,
    "values": [
        "minecraft:ocean",
        "minecraft:cold_ocean",
        "minecraft:lukewarm_ocean",
        "minecraft:deep_ocean",
        "minecraft:deep_cold_ocean",
        "minecraft:deep_lukewarm_ocean",
        "minecraft:warm_ocean",
        "minecraft:deep_frozen_ocean",
        {
            "id": "terralith:deep_warm_ocean",
            "required": false
        },
        {
            "id": "#c:is_ocean",
            "required": false
        }
    ]
}