{
    "replace": false,
    "values": [
        "minecraft:dark_forest",
        "minecraft:old_growth_birch_forest",
        "minecraft:windswept_forest",
        "minecraft:windswept_hills",
        "minecraft:taiga",
        "minecraft:snowy_taiga",
        "minecraft:jungle",
        "minecraft:plains",
        "minecraft:badlands",
        "minecraft:forest",
         "minecraft:beach",
        {
            "id": "terralith:forested_highlands",
            "required": false
        },
        {
            "id": "terralith:shield",
            "required": false
        },
        {
            "id": "terralith:cold_shrubland",
            "required": false
        },
        {
            "id": "terralith:alpine_grove",
            "required": false
        },
        {
            "id": "terralith:siberian_grove",
            "required": false
        },
        {
            "id": "terralith:siberian_taiga",
            "required": false
        },
        {
            "id": "terralith:snowy_badlands",
            "required": false
        },
        {
            "id": "terralith:snowy_maple_forest",
            "required": false
        },
        {
            "id": "terralith:snowy_shield",
            "required": false
        },
        {
            "id": "terralith:wintry_forest",
            "required": false
        },
        {
            "id": "terralith:yosemite_lowlands",
            "required": false
        },
        {
            "id": "#c:is_taiga",
            "required": false
        },
        {
            "id": "#c:is_plains",
            "required": false
        }
    ]
}