{"condition":"minecraft:all_of","terms":[{"condition":"minecraft:any_of","terms":[{"condition":"minecraft:location_check","offsetX":-1,"offsetZ":-1,"predicate":{"fluid":{"fluids":"minecraft:flowing_water"}}},{"condition":"minecraft:location_check","offsetX":-1,"offsetZ":-1,"predicate":{"fluid":{"fluids":"minecraft:water"}}}]},{"condition":"minecraft:any_of","terms":[{"condition":"minecraft:location_check","offsetX":-1,"offsetZ":0,"predicate":{"fluid":{"fluids":"minecraft:flowing_water"}}},{"condition":"minecraft:location_check","offsetX":-1,"offsetZ":0,"predicate":{"fluid":{"fluids":"minecraft:water"}}}]},{"condition":"minecraft:any_of","terms":[{"condition":"minecraft:location_check","offsetX":-1,"offsetZ":1,"predicate":{"fluid":{"fluids":"minecraft:flowing_water"}}},{"condition":"minecraft:location_check","offsetX":-1,"offsetZ":1,"predicate":{"fluid":{"fluids":"minecraft:water"}}}]},{"condition":"minecraft:any_of","terms":[{"condition":"minecraft:location_check","offsetX":0,"offsetZ":-1,"predicate":{"fluid":{"fluids":"minecraft:flowing_water"}}},{"condition":"minecraft:location_check","offsetX":0,"offsetZ":-1,"predicate":{"fluid":{"fluids":"minecraft:water"}}}]},{"condition":"minecraft:any_of","terms":[{"condition":"minecraft:location_check","offsetX":0,"offsetZ":0,"predicate":{"fluid":{"fluids":"minecraft:flowing_water"}}},{"condition":"minecraft:location_check","offsetX":0,"offsetZ":0,"predicate":{"fluid":{"fluids":"minecraft:water"}}}]},{"condition":"minecraft:any_of","terms":[{"condition":"minecraft:location_check","offsetX":0,"offsetZ":1,"predicate":{"fluid":{"fluids":"minecraft:flowing_water"}}},{"condition":"minecraft:location_check","offsetX":0,"offsetZ":1,"predicate":{"fluid":{"fluids":"minecraft:water"}}}]},{"condition":"minecraft:any_of","terms":[{"condition":"minecraft:location_check","offsetX":1,"offsetZ":-1,"predicate":{"fluid":{"fluids":"minecraft:flowing_water"}}},{"condition":"minecraft:location_check","offsetX":1,"offsetZ":-1,"predicate":{"fluid":{"fluids":"minecraft:water"}}}]},{"condition":"minecraft:any_of","terms":[{"condition":"minecraft:location_check","offsetX":1,"offsetZ":0,"predicate":{"fluid":{"fluids":"minecraft:flowing_water"}}},{"condition":"minecraft:location_check","offsetX":1,"offsetZ":0,"predicate":{"fluid":{"fluids":"minecraft:water"}}}]},{"condition":"minecraft:any_of","terms":[{"condition":"minecraft:location_check","offsetX":1,"offsetZ":1,"predicate":{"fluid":{"fluids":"minecraft:flowing_water"}}},{"condition":"minecraft:location_check","offsetX":1,"offsetZ":1,"predicate":{"fluid":{"fluids":"minecraft:water"}}}]}]}