{
  "type": "minecraft:entity",
  "pools": [
    {
      "rolls": 1,
      "entries": [
        {
          "type": "minecraft:loot_table",
          "value": "vanilla:entities/cat"
        }
      ]
    },
    {
      "rolls": 1,
      "entries": [
        {
          "type": "minecraft:alternatives",
          "conditions": [
            {
              "condition": "killed_by_player"
            },
            {
              "condition": "random_chance_with_looting",
              "chance": 0.33,
              "looting_multiplier": 0.02
            }
          ],
          "children": [
            {
              "type": "item",
              "name": "minecraft:player_head",
              "functions": [
                {
                  "function": "set_components",
                  "components": {
                    "minecraft:note_block_sound": "minecraft:entity.cat.ambient",
                    "minecraft:profile": {
                      "properties": [
                        {
                          "name": "textures",
                          "value": "eyJ0ZXh0dXJlcyI6eyJTS0lOIjp7InVybCI6Imh0dHA6Ly90ZXh0dXJlcy5taW5lY3JhZnQubmV0L3RleHR1cmUvZGUyOGQzMGRiM2Y4YzNmZTUwY2E0ZjI2ZjMwNzVlMzZmMDAzYWU4MDI4MTM1YThjZDY5MmYyNGM5YTk4YWUxYiJ9fX0="
                        }
                      ]
                    },
                    "minecraft:item_name": "\"Tabby Cat Head\""
                  }
                }
              ],
              "conditions": [
                {
                  "condition": "entity_properties",
                  "predicate": {
                    "nbt": "{variant:'minecraft:tabby'}"
                  },
                  "entity": "this"
                }
              ]
            },
            {
              "type": "item",
              "name": "minecraft:player_head",
              "functions": [
                {
                  "function": "set_components",
                  "components": {
                    "minecraft:note_block_sound": "minecraft:entity.cat.ambient",
                    "minecraft:profile": {
                      "properties": [
                        {
                          "name": "textures",
                          "value": "eyJ0ZXh0dXJlcyI6eyJTS0lOIjp7InVybCI6Imh0dHA6Ly90ZXh0dXJlcy5taW5lY3JhZnQubmV0L3RleHR1cmUvNGZkMTBjOGU3NWY2NzM5OGM0NzU4N2QyNWZjMTQ2ZjMxMWMwNTNjYzVkMGFlYWI4NzkwYmNlMzZlZTg4ZjVmOCJ9fX0="
                        }
                      ]
                    },
                    "minecraft:item_name": "\"Tuxedo Cat Head\""
                  }
                }
              ],
              "conditions": [
                {
                  "condition": "entity_properties",
                  "predicate": {
                    "nbt": "{variant:'minecraft:black'}"
                  },
                  "entity": "this"
                }
              ]
            },
            {
              "type": "item",
              "name": "minecraft:player_head",
              "functions": [
                {
                  "function": "set_components",
                  "components": {
                    "minecraft:note_block_sound": "minecraft:entity.cat.ambient",
                    "minecraft:profile": {
                      "properties": [
                        {
                          "name": "textures",
                          "value": "eyJ0ZXh0dXJlcyI6eyJTS0lOIjp7InVybCI6Imh0dHA6Ly90ZXh0dXJlcy5taW5lY3JhZnQubmV0L3RleHR1cmUvMjExM2RiZDNjNmEwNzhhMTdiNGVkYjc4Y2UwN2Q4MzZjMzhkYWNlNTAyN2Q0YjBhODNmZDYwZTdjYTdhMGZjYiJ9fX0="
                        }
                      ]
                    },
                    "minecraft:item_name": "\"Ginger Cat Head\""
                  }
                }
              ],
              "conditions": [
                {
                  "condition": "entity_properties",
                  "predicate": {
                    "nbt": "{variant:'minecraft:red'}"
                  },
                  "entity": "this"
                }
              ]
            },
            {
              "type": "item",
              "name": "minecraft:player_head",
              "functions": [
                {
                  "function": "set_components",
                  "components": {
                    "minecraft:note_block_sound": "minecraft:entity.cat.ambient",
                    "minecraft:profile": {
                      "properties": [
                        {
                          "name": "textures",
                          "value": "eyJ0ZXh0dXJlcyI6eyJTS0lOIjp7InVybCI6Imh0dHA6Ly90ZXh0dXJlcy5taW5lY3JhZnQubmV0L3RleHR1cmUvZDViM2Y4Y2E0YjNhNTU1Y2NiM2QxOTQ0NDk4MDhiNGM5ZDc4MzMyNzE5NzgwMGQ0ZDY1OTc0Y2M2ODVhZjJlYSJ9fX0="
                        }
                      ]
                    },
                    "minecraft:item_name": "\"Siamese Cat Head\""
                  }
                }
              ],
              "conditions": [
                {
                  "condition": "entity_properties",
                  "predicate": {
                    "nbt": "{variant:'minecraft:siamese'}"
                  },
                  "entity": "this"
                }
              ]
            },
            {
              "type": "item",
              "name": "minecraft:player_head",
              "functions": [
                {
                  "function": "set_components",
                  "components": {
                    "minecraft:note_block_sound": "minecraft:entity.cat.ambient",
                    "minecraft:profile": {
                      "properties": [
                        {
                          "name": "textures",
                          "value": "eyJ0ZXh0dXJlcyI6eyJTS0lOIjp7InVybCI6Imh0dHA6Ly90ZXh0dXJlcy5taW5lY3JhZnQubmV0L3RleHR1cmUvNTM4OWUwZDVkM2U4MWY4NGI1NzBlMjk3ODI0NGIzYTczZTVhMjJiY2RiNjg3NGI0NGVmNWQwZjY2Y2EyNGVlYyJ9fX0="
                        }
                      ]
                    },
                    "minecraft:item_name": "\"British Shorthair Cat Head\""
                  }
                }
              ],
              "conditions": [
                {
                  "condition": "entity_properties",
                  "predicate": {
                    "nbt": "{variant:'minecraft:british_shorthair'}"
                  },
                  "entity": "this"
                }
              ]
            },
            {
              "type": "item",
              "name": "minecraft:player_head",
              "functions": [
                {
                  "function": "set_components",
                  "components": {
                    "minecraft:note_block_sound": "minecraft:entity.cat.ambient",
                    "minecraft:profile": {
                      "properties": [
                        {
                          "name": "textures",
                          "value": "eyJ0ZXh0dXJlcyI6eyJTS0lOIjp7InVybCI6Imh0dHA6Ly90ZXh0dXJlcy5taW5lY3JhZnQubmV0L3RleHR1cmUvMzQwMDk3MjcxYmI2ODBmZTk4MWU4NTllOGJhOTNmZWEyOGI4MTNiMTA0MmJkMjc3ZWEzMzI5YmVjNDkzZWVmMyJ9fX0="
                        }
                      ]
                    },
                    "minecraft:item_name": "\"Calico Cat Head\""
                  }
                }
              ],
              "conditions": [
                {
                  "condition": "entity_properties",
                  "predicate": {
                    "nbt": "{variant:'minecraft:calico'}"
                  },
                  "entity": "this"
                }
              ]
            },
            {
              "type": "item",
              "name": "minecraft:player_head",
              "functions": [
                {
                  "function": "set_components",
                  "components": {
                    "minecraft:note_block_sound": "minecraft:entity.cat.ambient",
                    "minecraft:profile": {
                      "properties": [
                        {
                          "name": "textures",
                          "value": "eyJ0ZXh0dXJlcyI6eyJTS0lOIjp7InVybCI6Imh0dHA6Ly90ZXh0dXJlcy5taW5lY3JhZnQubmV0L3RleHR1cmUvZmY0MGM3NDYyNjBlZjkxYzk2YjI3MTU5Nzk1ZTg3MTkxYWU3Y2UzZDVmNzY3YmY4Yzc0ZmFhZDk2ODlhZjI1ZCJ9fX0="
                        }
                      ]
                    },
                    "minecraft:item_name": "\"Persian Cat Head\""
                  }
                }
              ],
              "conditions": [
                {
                  "condition": "entity_properties",
                  "predicate": {
                    "nbt": "{variant:'minecraft:persian'}"
                  },
                  "entity": "this"
                }
              ]
            },
            {
              "type": "item",
              "name": "minecraft:player_head",
              "functions": [
                {
                  "function": "set_components",
                  "components": {
                    "minecraft:note_block_sound": "minecraft:entity.cat.ambient",
                    "minecraft:profile": {
                      "properties": [
                        {
                          "name": "textures",
                          "value": "eyJ0ZXh0dXJlcyI6eyJTS0lOIjp7InVybCI6Imh0dHA6Ly90ZXh0dXJlcy5taW5lY3JhZnQubmV0L3RleHR1cmUvZGM3YTQ1ZDI1ODg5ZTNmZGY3Nzk3Y2IyNThlMjZkNGU5NGY1YmMxM2VlZjAwNzk1ZGFmZWYyZTgzZTBhYjUxMSJ9fX0="
                        }
                      ]
                    },
                    "minecraft:item_name": "\"Ragdoll Cat Head\""
                  }
                }
              ],
              "conditions": [
                {
                  "condition": "entity_properties",
                  "predicate": {
                    "nbt": "{variant:'minecraft:ragdoll'}"
                  },
                  "entity": "this"
                }
              ]
            },
            {
              "type": "item",
              "name": "minecraft:player_head",
              "functions": [
                {
                  "function": "set_components",
                  "components": {
                    "minecraft:note_block_sound": "minecraft:entity.cat.ambient",
                    "minecraft:profile": {
                      "properties": [
                        {
                          "name": "textures",
                          "value": "eyJ0ZXh0dXJlcyI6eyJTS0lOIjp7InVybCI6Imh0dHA6Ly90ZXh0dXJlcy5taW5lY3JhZnQubmV0L3RleHR1cmUvMjFkMTVhYzk1NThlOThiODlhY2E4OWQzODE5NTAzZjFjNTI1NmMyMTk3ZGQzYzM0ZGY1YWFjNGQ3MmU3ZmJlZCJ9fX0="
                        }
                      ]
                    },
                    "minecraft:item_name": "\"White Cat Head\""
                  }
                }
              ],
              "conditions": [
                {
                  "condition": "entity_properties",
                  "predicate": {
                    "nbt": "{variant:'minecraft:white'}"
                  },
                  "entity": "this"
                }
              ]
            },
            {
              "type": "item",
              "name": "minecraft:player_head",
              "functions": [
                {
                  "function": "set_components",
                  "components": {
                    "minecraft:note_block_sound": "minecraft:entity.cat.ambient",
                    "minecraft:profile": {
                      "properties": [
                        {
                          "name": "textures",
                          "value": "eyJ0ZXh0dXJlcyI6eyJTS0lOIjp7InVybCI6Imh0dHA6Ly90ZXh0dXJlcy5taW5lY3JhZnQubmV0L3RleHR1cmUvYTBkYjQxMzc2Y2E1N2RmMTBmY2IxNTM5ZTg2NjU0ZWVjZmQzNmQzZmU3NWU4MTc2ODg1ZTkzMTg1ZGYyODBhNSJ9fX0="
                        }
                      ]
                    },
                    "minecraft:item_name": "\"Jellie Cat Head\""
                  }
                }
              ],
              "conditions": [
                {
                  "condition": "entity_properties",
                  "predicate": {
                    "nbt": "{variant:'minecraft:jellie'}"
                  },
                  "entity": "this"
                }
              ]
            },
            {
              "type": "item",
              "name": "minecraft:player_head",
              "functions": [
                {
                  "function": "set_components",
                  "components": {
                    "minecraft:note_block_sound": "minecraft:entity.cat.ambient",
                    "minecraft:profile": {
                      "properties": [
                        {
                          "name": "textures",
                          "value": "eyJ0ZXh0dXJlcyI6eyJTS0lOIjp7InVybCI6Imh0dHA6Ly90ZXh0dXJlcy5taW5lY3JhZnQubmV0L3RleHR1cmUvMjJjMWU4MWZmMDNlODJhM2U3MWUwY2Q1ZmJlYzYwN2UxMTM2MTA4OWFhNDdmMjkwZDQ2YzhhMmMwNzQ2MGQ5MiJ9fX0="
                        }
                      ]
                    },
                    "minecraft:item_name": "\"Black Cat Head\""
                  }
                }
              ],
              "conditions": [
                {
                  "condition": "entity_properties",
                  "predicate": {
                    "nbt": "{variant:'minecraft:all_black'}"
                  },
                  "entity": "this"
                }
              ]
            }
          ]
        }
      ]
    }
  ]
}
