{
  "type": "minecraft:entity",
  "pools": [
    {
      "rolls": 1,
      "entries": [
        {
          "type": "minecraft:loot_table",
          "value": "vanilla:entities/creeper"
        }
      ]
    },
    {
      "rolls": 1,
      "entries": [
        {
          "type": "item",
          "name": "minecraft:player_head",
          "weight": 1,
          "functions": [
            {
              "function": "set_components",
              "components": {
                "minecraft:note_block_sound": "minecraft:entity.generic.explode",
                "minecraft:profile": {
                  "properties": [
                    {
                      "name": "textures",
                      "value": "eyJ0ZXh0dXJlcyI6eyJTS0lOIjp7InVybCI6Imh0dHA6Ly90ZXh0dXJlcy5taW5lY3JhZnQubmV0L3RleHR1cmUvMzUxMWU0YTNkNWFkZDZhNTQ0OTlhYmFkMTBkNzk5ZDA2Y2U0NWNiYTllNTIwYWZkMjAwODYwOGE2Mjg4YjdlNyJ9fX0="
                    }
                  ]
                },
                "minecraft:item_name": "\"Charged Creeper Head\""
              }
            }
          ]
        }
      ],
      "conditions": [
        {
          "condition": "killed_by_player"
        },
        {
          "condition": "entity_properties",
          "predicate": {
            "nbt": "{powered:1b}"
          },
          "entity": "this"
        }
      ]
    }
  ]
}
