{
  "type": "minecraft:entity",
  "pools": [
    {
      "rolls": 1,
      "entries": [
        {
          "type": "minecraft:loot_table",
          "value": "vanilla:entities/elder_guardian"
        }
      ]
    },
    {
      "rolls": 1,
      "entries": [
        {
          "type": "item",
          "name": "minecraft:player_head",
          "weight": 1,
          "functions": [
            {
              "function": "set_components",
              "components": {
                "minecraft:note_block_sound": "minecraft:entity.elder_guardian.ambient",
                "minecraft:profile": {
                  "properties": [
                    {
                      "name": "textures",
                      "value": "eyJ0ZXh0dXJlcyI6eyJTS0lOIjp7InVybCI6Imh0dHA6Ly90ZXh0dXJlcy5taW5lY3JhZnQubmV0L3RleHR1cmUvNGEyZDY0ZjRhMDBlOWM4NWY2NzI2MmVkY2FjYjg0NTIzNTgxYWUwZjM3YmRhYjIyZGQ3MDQ1MjRmNjJlMTY5ZiJ9fX0="
                    }
                  ]
                },
                "minecraft:item_name": "\"Elder Guardian Head\""
              }
            }
          ]
        }
      ],
      "conditions": [
        {
          "condition": "killed_by_player"
        }
      ]
    }
  ]
}
