{
  "type": "minecraft:entity",
  "pools": [
    {
      "rolls": 1,
      "entries": [
        {
          "type": "minecraft:loot_table",
          "value": "vanilla:entities/strider"
        }
      ]
    },
    {
      "rolls": 1,
      "entries": [
        {
          "type": "item",
          "name": "minecraft:player_head",
          "weight": 1,
          "functions": [
            {
              "function": "set_components",
              "components": {
                "minecraft:note_block_sound": "minecraft:entity.strider.happy",
                "minecraft:profile": {
                  "properties": [
                    {
                      "name": "textures",
                      "value": "eyJ0ZXh0dXJlcyI6eyJTS0lOIjp7InVybCI6Imh0dHA6Ly90ZXh0dXJlcy5taW5lY3JhZnQubmV0L3RleHR1cmUvOWM0MGZhZDFjMTFkZTllNjQyMmI0MDU0MjZlOWI5NzkwN2YzNWJjZTM0NWUzNzU4NjA0ZDNlN2JlN2RmODg0In19fQ=="
                    }
                  ]
                },
                "minecraft:item_name": "\"Strider Head\""
              }
            }
          ]
        },
        {
          "type": "item",
          "name": "minecraft:player_head",
          "weight": 1,
          "functions": [
            {
              "function": "set_components",
              "components": {
                "minecraft:note_block_sound": "minecraft:entity.strider.ambient",
                "minecraft:profile": {
                  "properties": [
                    {
                      "name": "textures",
                      "value": "eyJ0ZXh0dXJlcyI6eyJTS0lOIjp7InVybCI6Imh0dHA6Ly90ZXh0dXJlcy5taW5lY3JhZnQubmV0L3RleHR1cmUvMjcxMzA4NWE1NzUyN2U0NTQ1OWMzOGZhYTdiYjkxY2FiYjM4MWRmMzFjZjJiZjc5ZDY3YTA3MTU2YjZjMjMwOSJ9fX0="
                    }
                  ]
                },
                "minecraft:item_name": "\"Cold Strider Head\""
              }
            }
          ]
        }
      ],
      "conditions": [
        {
          "condition": "killed_by_player"
        },
        {
          "condition": "random_chance_with_looting",
          "chance": 0.1,
          "looting_multiplier": 0.05
        }
      ]
    }
  ]
}
