{
  "parent": "mingen:root",
  "criteria": {
    "minhold": {
      "conditions": {
        "player": [
          {
            "condition": "minecraft:entity_properties",
            "entity": "this",
            "predicate": {
              "location": {
                "structure": "mingen:minhold"
              }
            }
          }
        ]
      },
      "trigger": "minecraft:location"
    }
  },
  "display": {
    "announce_to_chat": true,
    "frame": "task",
    "hidden": false,
    "show_toast": true,
    "icon": { "item": "minecraft:oak_log" },
    "title": "What are villagers doing here?",
    "description": "Break your way into a Minhold"
  },
  "requirements": [
    [
      "minhold"
    ]
  ],
  "sends_telemetry_event": true
}