{
  "parent": "spawnercraft:recipes/spawnercraft_root",
  "rewards": {
    "recipes": [
      "spawnercraft:spawner"
    ]
  },
  "criteria": {
    "has_iron_bars": {
      "trigger": "minecraft:inventory_changed",
      "conditions": {
        "items": [
          {
            "items": [
              "minecraft:iron_bars"
            ]
          }
        ]
      }
    },
    "has_obsidian": {
      "trigger": "minecraft:inventory_changed",
      "conditions": {
        "items": [
          {
            "items": [
              "minecraft:obsidian"
            ]
          }
        ]
      }
    },
    "has_diamond_block": {
      "trigger": "minecraft:inventory_changed",
      "conditions": {
        "items": [
          {
            "items": [
              "minecraft:diamond_block"
            ]
          }
        ]
      }
    },
    "has_the_recipe": {
      "trigger": "minecraft:recipe_unlocked",
      "conditions": {
        "recipe": "spawnercraft:spawner"
      }
    }
  },
  "requirements": [
    [
      "has_iron_bars",
      "has_obsidian",
      "has_diamond_block",
      "has_the_recipe"
    ]
  ]
}