{
	"name": "explorify:tavern/back",
	"fallback": "explorify:tavern/back_definite",
	"elements": [
		{
			"weight": 1,
			"element": {
				"element_type": "minecraft:single_pool_element",
				"location": "explorify:tavern/back/01",
				"projection": "rigid",
				"processors": "minecraft:mossify_10_percent"
			}
		},
		{
			"weight": 1,
			"element": {
				"element_type": "minecraft:single_pool_element",
				"location": "explorify:tavern/back/02",
				"projection": "rigid",
				"processors": "minecraft:mossify_10_percent"
			}
		},
		{
			"weight": 1,
			"element": {
				"element_type": "minecraft:single_pool_element",
				"location": "explorify:tavern/back/03",
				"projection": "rigid",
				"processors": "minecraft:mossify_10_percent"
			}
		},
		{
			"weight": 1,
			"element": {
				"element_type": "minecraft:single_pool_element",
				"location": "explorify:tavern/back/04",
				"projection": "rigid",
				"processors": "minecraft:mossify_10_percent"
			}
		},
		{
			"weight": 1,
			"element": {
				"element_type": "minecraft:single_pool_element",
				"location": "explorify:tavern/back/05",
				"projection": "rigid",
				"processors": "minecraft:mossify_10_percent"
			}
		}
	]
}