{
	"name": "explorify:dark_forest_settlement/path_decor",
	"fallback": "minecraft:empty",
	"elements": [
		{
			"weight": 1,
			"element": {
				"element_type": "minecraft:single_pool_element",
				"location": "explorify:dark_forest_settlement/path_decor/01",
				"projection": "rigid",
				"processors": "minecraft:mossify_10_percent"
			}
		},
		{
			"weight": 1,
			"element": {
				"element_type": "minecraft:single_pool_element",
				"location": "explorify:dark_forest_settlement/path_decor/02",
				"projection": "rigid",
				"processors": "minecraft:mossify_10_percent"
			}
		}
	]
}