{
    "pools": [
      {
        "rolls": 1,
        "entries": [
          {
            "type": "minecraft:loot_table",
            "name": "automaticons:dirt_automaticons"
          },
          {
            "type": "minecraft:loot_table",
            "name": "automaticons:flower_automaticons"
          },
          {
            "type": "minecraft:loot_table",
            "name": "automaticons:food_automaticons"
          },
          {
            "type": "minecraft:loot_table",
            "name": "automaticons:misc_automaticons"
          },
          {
            "type": "minecraft:loot_table",
            "name": "automaticons:mob_automaticons"
          },
          {
            "type": "minecraft:loot_table",
            "name": "automaticons:nether_automaticons"
          },
          {
            "type": "minecraft:loot_table",
            "name": "automaticons:ocean_automaticons"
          },
          {
            "type": "minecraft:loot_table",
            "name": "automaticons:ore_automaticons"
          },
          {
            "type": "minecraft:loot_table",
            "name": "automaticons:stone_automaticons"
          },
          {
            "type": "minecraft:loot_table",
            "name": "automaticons:wood_automaticons"
          }
        ]
      }
    ]
  }
  