{
  "type": "minecraft:entity",
  "pools": [
    {
      "rolls": 1,
      "entries": [
        {
          "type": "minecraft:loot_table",
          "value": "vanilla:entities/sheep/black"
        }
      ]
    },
    {
      "rolls": 1,
      "entries": [
        {
          "type": "item",
          "name": "minecraft:player_head",
          "weight": 1,
          "functions": [
            {
              "function": "set_components",
              "components": {
                "minecraft:note_block_sound": "minecraft:entity.sheep.ambient",
                "minecraft:profile": {
                  "properties": [
                    {
                      "name": "textures",
                      "value": "eyJ0ZXh0dXJlcyI6eyJTS0lOIjp7InVybCI6Imh0dHA6Ly90ZXh0dXJlcy5taW5lY3JhZnQubmV0L3RleHR1cmUvMTMzMzVlODA2NWM3YjVkZmVhNThkM2RmNzQ3NGYzOTZhZjRmYTBhMmJhNTJhM2M5YjdmYmE2ODMxOTI3MWM5MSJ9fX0="
                    }
                  ]
                },
                "minecraft:item_name": "\"Black Sheep Head\""
              }
            }
          ]
        }
      ],
      "conditions": [
        {
          "condition": "killed_by_player"
        },
        {
          "condition": "inverted",
          "term": {
            "condition": "any_of",
            "terms": [
              {
                "condition": "entity_properties",
                "predicate": {
                  "nbt": "{CustomName:\"{\\\"text\\\":\\\"jeb_\\\"}\"}"
                },
                "entity": "this"
              },
              {
                "condition": "entity_properties",
                "predicate": {
                  "nbt": "{CustomName:\"\\\"jeb_\\\"\"}"
                },
                "entity": "this"
              }
            ]
          }
        },
        {
          "condition": "random_chance_with_looting",
          "chance": 0.0175,
          "looting_multiplier": 0.0025
        }
      ]
    },
    {
      "rolls": 1,
      "entries": [
        {
          "type": "minecraft:loot_table",
          "value": "minecraft:entities/sheep/jeb_sheep"
        }
      ]
    }
  ]
}
