{
  "type": "minecraft:entity",
  "pools": [
    {
      "rolls": 1,
      "entries": [
        {
          "type": "item",
          "name": "minecraft:player_head",
          "weight": 1,
          "functions": [
            {
              "function": "set_components",
              "components": {
                "minecraft:note_block_sound": "minecraft:entity.sheep.shear",
                "minecraft:profile": {
                  "properties": [
                    {
                      "name": "textures",
                      "value": "eyJ0ZXh0dXJlcyI6eyJTS0lOIjp7InVybCI6Imh0dHA6Ly90ZXh0dXJlcy5taW5lY3JhZnQubmV0L3RleHR1cmUvMjMzMzI2NzY1YTE5MGViZjkwZDU0ODZkNzFmMjBlMjU5N2U0YmVlMmEzOTFmZWNiYmQ4MGRlYmZlMWY4MmQ3OCJ9fX0="
                    }
                  ]
                },
                "minecraft:item_name": "\"jeb_ Sheep Head\""
              }
            }
          ]
        }
      ],
      "conditions": [
        {
          "condition": "killed_by_player"
        },
        {
          "condition": "any_of",
          "terms": [
            {
              "condition": "entity_properties",
              "predicate": {
                "nbt": "{CustomName:\"{\\\"text\\\":\\\"jeb_\\\"}\"}"
              },
              "entity": "this"
            },
            {
              "condition": "entity_properties",
              "predicate": {
                "nbt": "{CustomName:\"\\\"jeb_\\\"\"}"
              },
              "entity": "this"
            }
          ]
        },
        {
          "condition": "random_chance_with_looting",
          "chance": 0.1,
          "looting_multiplier": 0.05
        }
      ]
    }
  ]
}
