{
  "type": "minecraft:jigsaw",
  "start_pool": "overhauledstructures:overhauleddungeonbasic/ovdb_core",
  "size": 7,
  "max_distance_from_center": 116,
  "biomes": "#overhauledstructures:has_structure/overhauleddungeonbasic",
  "step": "underground_structures",
  "start_height": {
    "type": "minecraft:uniform",

    "max_inclusive": {
      "absolute": -65
    },
    "min_inclusive": {
      "absolute": -70
    }
  },
  "project_start_to_heightmap": "WORLD_SURFACE_WG",
  "terrain_adaptation": "bury",
  "use_expansion_hack": false,
  "spawn_overrides": {

  }
}