{
  "variants": {
    "axis=x": [
      { "model": "minecraft:block/stone_stuff/basalt/basalt_1", "x": 90, "y": 90 },
      { "model": "minecraft:block/stone_stuff/basalt/basalt_2", "x": 90, "y": 90 },
      { "model": "minecraft:block/stone_stuff/basalt/basalt_3", "x": 90, "y": 90 },
      { "model": "minecraft:block/stone_stuff/basalt/basalt_4", "x": 90, "y": 90 }
    ],
    "axis=y": [
      { "model": "minecraft:block/stone_stuff/basalt/basalt_1", "y": 0 },
      { "model": "minecraft:block/stone_stuff/basalt/basalt_2", "y": 0 },
      { "model": "minecraft:block/stone_stuff/basalt/basalt_3", "y": 0 },
      { "model": "minecraft:block/stone_stuff/basalt/basalt_4", "y": 0 },
      { "model": "minecraft:block/stone_stuff/basalt/basalt_1", "y": 90 },
      { "model": "minecraft:block/stone_stuff/basalt/basalt_2", "y": 90 },
      { "model": "minecraft:block/stone_stuff/basalt/basalt_3", "y": 90 },
      { "model": "minecraft:block/stone_stuff/basalt/basalt_4", "y": 90 },
      { "model": "minecraft:block/stone_stuff/basalt/basalt_1", "y": 180 },
      { "model": "minecraft:block/stone_stuff/basalt/basalt_2", "y": 180 },
      { "model": "minecraft:block/stone_stuff/basalt/basalt_3", "y": 180 },
      { "model": "minecraft:block/stone_stuff/basalt/basalt_4", "y": 180 },
      { "model": "minecraft:block/stone_stuff/basalt/basalt_1", "y": 270 },
      { "model": "minecraft:block/stone_stuff/basalt/basalt_2", "y": 270 },
      { "model": "minecraft:block/stone_stuff/basalt/basalt_3", "y": 270 },
      { "model": "minecraft:block/stone_stuff/basalt/basalt_4", "y": 270 }
    ],
    "axis=z": [
      { "model": "minecraft:block/stone_stuff/basalt/basalt_1", "x": 90 },
      { "model": "minecraft:block/stone_stuff/basalt/basalt_2", "x": 90 },
      { "model": "minecraft:block/stone_stuff/basalt/basalt_3", "x": 90 },
      { "model": "minecraft:block/stone_stuff/basalt/basalt_4", "x": 90 }
    ]
  }
}