{
  "variants": {
    "": [
		{ "model": "minecraft:block/nature_stuff/flowers/eyeblossom_1", "y": 0 },
		{ "model": "minecraft:block/nature_stuff/flowers/eyeblossom_1", "y": 90 },
		{ "model": "minecraft:block/nature_stuff/flowers/eyeblossom_1", "y": 180 },
		{ "model": "minecraft:block/nature_stuff/flowers/eyeblossom_1", "y": 270 },
		{ "model": "minecraft:block/nature_stuff/flowers/eyeblossom_2", "y": 0 },
		{ "model": "minecraft:block/nature_stuff/flowers/eyeblossom_2", "y": 90 },
		{ "model": "minecraft:block/nature_stuff/flowers/eyeblossom_2", "y": 180 },
		{ "model": "minecraft:block/nature_stuff/flowers/eyeblossom_2", "y": 270 },
		{ "model": "minecraft:block/nature_stuff/flowers/eyeblossom_3", "y": 0 },
		{ "model": "minecraft:block/nature_stuff/flowers/eyeblossom_3", "y": 90 },
		{ "model": "minecraft:block/nature_stuff/flowers/eyeblossom_3", "y": 180 },
		{ "model": "minecraft:block/nature_stuff/flowers/eyeblossom_3", "y": 270 }
    ]
  }
}