{
  "multipart": [
  	{
  		"when": { "segment_amount": "1" },
  		"apply": [
  			{ "model": "minecraft:block/nature_stuff/leaf_litter/l1_1", "y": 0 },
  			{ "model": "minecraft:block/nature_stuff/leaf_litter/l1_1", "y": 90 },
  			{ "model": "minecraft:block/nature_stuff/leaf_litter/l1_1", "y": 180 },
  			{ "model": "minecraft:block/nature_stuff/leaf_litter/l1_1", "y": 270 },
  			{ "model": "minecraft:block/nature_stuff/leaf_litter/l1_2", "y": 0 },
  			{ "model": "minecraft:block/nature_stuff/leaf_litter/l1_2", "y": 90 },
  			{ "model": "minecraft:block/nature_stuff/leaf_litter/l1_2", "y": 180 },
  			{ "model": "minecraft:block/nature_stuff/leaf_litter/l1_2", "y": 270 },
  			{ "model": "minecraft:block/nature_stuff/leaf_litter/l1_2", "y": 0 },
  			{ "model": "minecraft:block/nature_stuff/leaf_litter/l1_3", "y": 90 },
  			{ "model": "minecraft:block/nature_stuff/leaf_litter/l1_3", "y": 180 },
  			{ "model": "minecraft:block/nature_stuff/leaf_litter/l1_3", "y": 270 },
  			{ "model": "minecraft:block/nature_stuff/leaf_litter/l1_4", "y": 0 },
  			{ "model": "minecraft:block/nature_stuff/leaf_litter/l1_4", "y": 90 },
  			{ "model": "minecraft:block/nature_stuff/leaf_litter/l1_4", "y": 180 },
  			{ "model": "minecraft:block/nature_stuff/leaf_litter/l1_4", "y": 270 }
  		]	
  	},
  	{
  		"when": { "segment_amount": "2" },
  		"apply": [
  			{ "model": "minecraft:block/nature_stuff/leaf_litter/l2_1", "y": 0 },
  			{ "model": "minecraft:block/nature_stuff/leaf_litter/l2_1", "y": 90 },
  			{ "model": "minecraft:block/nature_stuff/leaf_litter/l2_1", "y": 180 },
  			{ "model": "minecraft:block/nature_stuff/leaf_litter/l2_1", "y": 270 },
  			{ "model": "minecraft:block/nature_stuff/leaf_litter/l2_2", "y": 0 },
  			{ "model": "minecraft:block/nature_stuff/leaf_litter/l2_2", "y": 90 },
  			{ "model": "minecraft:block/nature_stuff/leaf_litter/l2_2", "y": 180 },
  			{ "model": "minecraft:block/nature_stuff/leaf_litter/l2_2", "y": 270 },
  			{ "model": "minecraft:block/nature_stuff/leaf_litter/l2_2", "y": 0 },
  			{ "model": "minecraft:block/nature_stuff/leaf_litter/l2_3", "y": 90 },
  			{ "model": "minecraft:block/nature_stuff/leaf_litter/l2_3", "y": 180 },
  			{ "model": "minecraft:block/nature_stuff/leaf_litter/l2_3", "y": 270 },
  			{ "model": "minecraft:block/nature_stuff/leaf_litter/l2_4", "y": 0 },
  			{ "model": "minecraft:block/nature_stuff/leaf_litter/l2_4", "y": 90 },
  			{ "model": "minecraft:block/nature_stuff/leaf_litter/l2_4", "y": 180 },
  			{ "model": "minecraft:block/nature_stuff/leaf_litter/l2_4", "y": 270 }
  		]	
  	},
  	{
  		"when": { "segment_amount": "3" },
  		"apply": [
  			{ "model": "minecraft:block/nature_stuff/leaf_litter/l3_1", "y": 0 },
  			{ "model": "minecraft:block/nature_stuff/leaf_litter/l3_1", "y": 90 },
  			{ "model": "minecraft:block/nature_stuff/leaf_litter/l3_1", "y": 180 },
  			{ "model": "minecraft:block/nature_stuff/leaf_litter/l3_1", "y": 270 },
  			{ "model": "minecraft:block/nature_stuff/leaf_litter/l3_2", "y": 0 },
  			{ "model": "minecraft:block/nature_stuff/leaf_litter/l3_2", "y": 90 },
  			{ "model": "minecraft:block/nature_stuff/leaf_litter/l3_2", "y": 180 },
  			{ "model": "minecraft:block/nature_stuff/leaf_litter/l3_2", "y": 270 },
  			{ "model": "minecraft:block/nature_stuff/leaf_litter/l3_2", "y": 0 },
  			{ "model": "minecraft:block/nature_stuff/leaf_litter/l3_3", "y": 90 },
  			{ "model": "minecraft:block/nature_stuff/leaf_litter/l3_3", "y": 180 },
  			{ "model": "minecraft:block/nature_stuff/leaf_litter/l3_3", "y": 270 },
  			{ "model": "minecraft:block/nature_stuff/leaf_litter/l3_4", "y": 0 },
  			{ "model": "minecraft:block/nature_stuff/leaf_litter/l3_4", "y": 90 },
  			{ "model": "minecraft:block/nature_stuff/leaf_litter/l3_4", "y": 180 },
  			{ "model": "minecraft:block/nature_stuff/leaf_litter/l3_4", "y": 270 }
  		]	
  	},
  	{
  		"when": { "segment_amount": "4" },
  		"apply": [
  			{ "model": "minecraft:block/nature_stuff/leaf_litter/l4_1", "y": 0 },
  			{ "model": "minecraft:block/nature_stuff/leaf_litter/l4_1", "y": 90 },
  			{ "model": "minecraft:block/nature_stuff/leaf_litter/l4_1", "y": 180 },
  			{ "model": "minecraft:block/nature_stuff/leaf_litter/l4_1", "y": 270 },
  			{ "model": "minecraft:block/nature_stuff/leaf_litter/l4_2", "y": 0 },
  			{ "model": "minecraft:block/nature_stuff/leaf_litter/l4_2", "y": 90 },
  			{ "model": "minecraft:block/nature_stuff/leaf_litter/l4_2", "y": 180 },
  			{ "model": "minecraft:block/nature_stuff/leaf_litter/l4_2", "y": 270 },
  			{ "model": "minecraft:block/nature_stuff/leaf_litter/l4_2", "y": 0 },
  			{ "model": "minecraft:block/nature_stuff/leaf_litter/l4_3", "y": 90 },
  			{ "model": "minecraft:block/nature_stuff/leaf_litter/l4_3", "y": 180 },
  			{ "model": "minecraft:block/nature_stuff/leaf_litter/l4_3", "y": 270 },
  			{ "model": "minecraft:block/nature_stuff/leaf_litter/l4_4", "y": 0 },
  			{ "model": "minecraft:block/nature_stuff/leaf_litter/l4_4", "y": 90 },
  			{ "model": "minecraft:block/nature_stuff/leaf_litter/l4_4", "y": 180 },
  			{ "model": "minecraft:block/nature_stuff/leaf_litter/l4_4", "y": 270 }
  		]	
  	}
  ]
}