﻿{
    "type": "minecraft:crafting_shaped",
    "pattern": [
        " T ",
        "SES",
        " G "
    ],
    "key": {
        "E": {
            "item": "minecraft:skeleton_spawn_egg"
        },
        "G": {
            "item": "minecraft:gold_ingot"
        },
        "S": {
            "item": "minecraft:ice"
        },
        "T": {
            "item": "minecraft:bow"
        }
    },
    "result": {
        "item": "minecraft:stray_spawn_egg",
        "count": 1
    },
    "group": "hostile"
}