﻿{
    "type": "minecraft:crafting_shaped",
    "pattern": [
        " T ",
        "SES",
        " G "
    ],
    "key": {
        "E": {
            "tag": "spawnercraft:egg_items"
        },
        "G": {
            "tag": "spawnercraft:cost_items"
        },
        "S": {
            "item": "minecraft:emerald"
        },
        "T": {
            "item": "minecraft:iron_axe"
        }
    },
    "result": {
        "item": "minecraft:vindicator_spawn_egg",
        "count": 1
    },
    "group": "hostile"
}