﻿{
    "type": "minecraft:crafting_shaped",
    "pattern": [
        " S ",
        "CEC",
        " G "
    ],
    "key": {
        "E": {
            "tag": "spawnercraft:egg_items"
        },
        "G": {
            "tag": "spawnercraft:cost_items"
        },
        "C": {
            "item": "minecraft:sculk_catalyst"
        },
        "S": {
            "item": "minecraft:sculk_shrieker"
        }
    },
    "result": {
        "item": "minecraft:warden_spawn_egg",
        "count": 1
    },
    "group": "hostile"
}