{
    "type": "minecraft:archaeology",
    "pools": [
      {
        "rolls": 1,
        "entries": [
          { "type": "minecraft:item", "name": "minecraft:prismarine_shard", "weight": 30,
            "functions": [ { "function": "minecraft:set_count", "count": { "type": "minecraft:uniform", "min": 2, "max": 6 } } ] },
          { "type": "minecraft:item", "name": "minecraft:prismarine_crystals", "weight": 24,
            "functions": [ { "function": "minecraft:set_count", "count": { "type": "minecraft:uniform", "min": 1, "max": 4 } } ] },
          { "type": "minecraft:item", "name": "minecraft:copper_ingot", "weight": 18,
            "functions": [ { "function": "minecraft:set_count", "count": { "type": "minecraft:uniform", "min": 1, "max": 3 } } ] },
          { "type": "minecraft:item", "name": "minecraft:coal", "weight": 14,
            "functions": [ { "function": "minecraft:set_count", "count": { "type": "minecraft:uniform", "min": 2, "max": 6 } } ] },
          { "type": "minecraft:item", "name": "minecraft:glass", "weight": 10,
            "functions": [ { "function": "minecraft:set_count", "count": 2 } ] },
          { "type": "minecraft:item", "name": "minecraft:sea_pickle", "weight": 10,
            "functions": [ { "function": "minecraft:set_count", "count": { "type": "minecraft:uniform", "min": 1, "max": 3 } } ] },
          { "type": "minecraft:item", "name": "minecraft:kelp", "weight": 10,
            "functions": [ { "function": "minecraft:set_count", "count": { "type": "minecraft:uniform", "min": 4, "max": 10 } } ] },
          { "type": "minecraft:item", "name": "minecraft:glow_ink_sac", "weight": 8 },
          { "type": "minecraft:item", "name": "minecraft:amethyst_shard", "weight": 8,
            "functions": [ { "function": "minecraft:set_count", "count": { "type": "minecraft:uniform", "min": 1, "max": 4 } } ] },
  
          { "type": "minecraft:item", "name": "minecraft:angler_pottery_sherd", "weight": 6 },
          { "type": "minecraft:item", "name": "minecraft:shelter_pottery_sherd", "weight": 6 },
          { "type": "minecraft:item", "name": "minecraft:snort_pottery_sherd", "weight": 4 },
          { "type": "minecraft:item", "name": "minecraft:explorer_pottery_sherd", "weight": 4 },
  
          { "type": "minecraft:item", "name": "minecraft:nautilus_shell", "weight": 12 },
          { "type": "minecraft:item", "name": "minecraft:scute", "weight": 10 },
  
          { "type": "minecraft:item", "name": "minecraft:enchanted_book", "weight": 6,
            "functions": [
              { "function": "minecraft:enchant_randomly",
                "enchantments": [ "minecraft:respiration", "minecraft:aqua_affinity", "minecraft:depth_strider" ] }
            ] },
  
          { "type": "minecraft:item", "name": "minecraft:heart_of_the_sea", "weight": 2 },
  
          { "type": "minecraft:item", "name": "minecraft:trident",
            "conditions": [ { "condition": "minecraft:random_chance", "chance": 0.02 } ],
            "weight": 1,
            "functions": [
              { "function": "minecraft:set_damage", "damage": { "type": "minecraft:uniform", "min": 0.6, "max": 0.9 } },
              { "function": "minecraft:enchant_with_levels", "levels": 15, "treasure": false },
              { "function": "minecraft:enchant_randomly", "enchantments": [ "minecraft:impaling", "minecraft:loyalty", "minecraft:channeling" ] }
            ] },
  
          { "type": "minecraft:item", "name": "minecraft:diamond",
            "conditions": [ { "condition": "minecraft:random_chance", "chance": 0.15 } ],
            "weight": 1,
            "functions": [
              { "function": "minecraft:set_count", "count": { "type": "minecraft:uniform", "min": 1, "max": 2 } }
            ] }
        ]
      }
    ]
  }
  