{
    "type": "minecraft:jigsaw",
    "start_pool": "joshie:sunken_city",
    "size": 6,
    "start_height": {
      "type": "uniform",
      "min_inclusive": {
        "absolute": -12
      },
      "max_inclusive": {
        "absolute": -4
      }
    },
    "max_distance_from_center": 80,
    "use_expansion_hack": false,
    "project_start_to_heightmap": "OCEAN_FLOOR_WG",
    "biomes": "#joshie:has_structure/conduit_ruins",
    "step": "surface_structures",
    "terrain_adaptation": "beard_box",
    "spawn_overrides": {
        "monster": {
          "bounding_box": "full",
          "spawns": [
            {
              "type": "minecraft:guardian",
              "weight": 120,
              "minCount": 3,
              "maxCount": 5
            },
            {
              "type": "minecraft:drowned",
              "weight": 220,
              "minCount": 3,
              "maxCount": 5
            }
          ]
        }
      }
}


