{
  "type": "minecraft:chest",
  "pools": [
    {
      "rolls": 2,
      "entries": [
        {
          "type": "minecraft:item",
          "weight": 5,
          "name": "minecraft:cobweb",
          "functions": [
            {
              "function": "minecraft:set_count",
              "count": {
                "min": 4,
                "max": 16
              },
              "conditions": [
                {
                  "condition": "minecraft:random_chance",
                  "chance": 0.5
                }
              ]
            }
          ]
        },
        {
          "type": "minecraft:item",
          "weight": 5,
          "name": "minecraft:string",
          "functions": [
            {
              "function": "minecraft:set_count",
              "count": {
                "min": 4,
                "max": 16
              },
              "conditions": [
                {
                  "condition": "minecraft:random_chance",
                  "chance": 0.5
                }
              ]
            }
          ]
        },
        {
          "type": "minecraft:item",
          "weight": 5,
          "name": "minecraft:bone",
          "functions": [
            {
              "function": "minecraft:set_count",
              "count": {
                "min": 4,
                "max": 16
              },
              "conditions": [
                {
                  "condition": "minecraft:random_chance",
                  "chance": 0.5
                }
              ]
            }
          ]
        },
        {
          "type": "minecraft:item",
          "weight": 5,
          "name": "minecraft:rotten_flesh",
          "functions": [
            {
              "function": "minecraft:set_count",
              "count": {
                "min": 4,
                "max": 16
              },
              "conditions": [
                {
                  "condition": "minecraft:random_chance",
                  "chance": 0.5
                }
              ]
            }
          ]
        }
      ]
    },
    {
      "rolls": 3,
      "entries": [
        {
          "type": "minecraft:item",
          "weight": 5,
          "name": "minecraft:lantern"
        },
        {
          "type": "minecraft:item",
          "weight": 1,
          "name": "minecraft:string",
          "functions": [
            {
              "function": "minecraft:set_count",
              "count": {
                "min": 4,
                "max": 16
              },
              "conditions": [
                {
                  "condition": "minecraft:random_chance",
                  "chance": 0.5
                }
              ]
            }
          ]
        },
        {
          "type": "minecraft:item",
          "weight": 10,
          "name": "minecraft:cobweb",
          "functions": [
            {
              "function": "minecraft:set_count",
              "count": {
                "min": 6,
                "max": 24
              },
              "conditions": [
                {
                  "condition": "minecraft:random_chance",
                  "chance": 0.7
                }
              ]
            }
          ]
        },
        {
          "type": "minecraft:item",
          "weight": 1,
          "name": "minecraft:chain",
          "functions": [
            {
              "function": "minecraft:set_count",
              "count": {
                "min": 0,
                "max": 3
              },
              "conditions": [
                {
                  "condition": "minecraft:random_chance",
                  "chance": 0.2
                }
              ]
            }
          ]
        }
      ]
    },
    {
      "rolls": 2,
      "entries": [
        {
          "type": "minecraft:item",
          "weight": 5,
          "name": "minecraft:iron_bars",
          "functions": [
            {
              "function": "minecraft:set_count",
              "count": {
                "min": 2,
                "max": 8
              },
              "conditions": [
                {
                  "condition": "minecraft:random_chance",
                  "chance": 0.5
                }
              ]
            }
          ]
        },
        {
          "type": "minecraft:item",
          "weight": 1,
          "name": "minecraft:chain",
          "functions": [
            {
              "function": "minecraft:set_count",
              "count": {
                "min": 4,
                "max": 16
              },
              "conditions": [
                {
                  "condition": "minecraft:random_chance",
                  "chance": 0.5
                }
              ]
            }
          ]
        },
        {
          "type": "minecraft:item",
          "weight": 10,
          "name": "minecraft:cobweb",
          "functions": [
            {
              "function": "minecraft:set_count",
              "count": {
                "min": 6,
                "max": 24
              },
              "conditions": [
                {
                  "condition": "minecraft:random_chance",
                  "chance": 0.7
                }
              ]
            }
          ]
        },
        {
          "type": "minecraft:item",
          "weight": 1,
          "name": "minecraft:lantern",
          "functions": [
            {
              "function": "minecraft:set_count",
              "count": {
                "min": 0,
                "max": 3
              },
              "conditions": [
                {
                  "condition": "minecraft:random_chance",
                  "chance": 0.2
                }
              ]
            }
          ]
        },
        {
          "type": "minecraft:item",
          "weight": 1,
          "name": "minecraft:diamond_ore",
          "functions": [
            {
              "function": "minecraft:set_count",
              "count": {
                "min": 1,
                "max": 2
              },
              "conditions": [
                {
                  "condition": "minecraft:random_chance",
                  "chance": 0.2
                }
              ]
            }
          ]
        },
        {
          "type": "minecraft:item",
          "weight": 1,
          "name": "minecraft:raw_iron",
          "functions": [
            {
              "function": "minecraft:set_count",
              "count": {
                "min": 3,
                "max": 12
              },
              "conditions": [
                {
                  "condition": "minecraft:random_chance",
                  "chance": 0.2
                }
              ]
            }
          ]
        },
        {
          "type": "minecraft:item",
          "weight": 3,
          "name": "minecraft:raw_gold",
          "functions": [
            {
              "function": "minecraft:set_count",
              "count": {
                "min": 1,
                "max": 3
              },
              "conditions": [
                {
                  "condition": "minecraft:random_chance",
                  "chance": 0.2
                }
              ]
            }
          ]
        },
        {
          "type": "minecraft:item",
          "weight": 3,
          "name": "minecraft:redstone_ore",
          "functions": [
            {
              "function": "minecraft:set_count",
              "count": {
                "min": 1,
                "max": 3
              },
              "conditions": [
                {
                  "condition": "minecraft:random_chance",
                  "chance": 0.2
                }
              ]
            }
          ]
        },
        {
          "type": "minecraft:item",
          "weight": 3,
          "name": "minecraft:emerald_ore",
          "functions": [
            {
              "function": "minecraft:set_count",
              "count": {
                "min": 1,
                "max": 3
              },
              "conditions": [
                {
                  "condition": "minecraft:random_chance",
                  "chance": 0.2
                }
              ]
            }
          ]
        }
      ]
    },
    {
      "rolls": 2,
      "entries": [
        {
          "type": "minecraft:item",
          "weight": 8,
          "name": "minecraft:cobweb",
          "functions": [
            {
              "function": "minecraft:set_count",
              "count": {
                "min": 6,
                "max": 24
              },
              "conditions": [
                {
                  "condition": "minecraft:random_chance",
                  "chance": 0.7
                }
              ]
            }
          ]
        },
        {
          "type": "minecraft:item",
          "weight": 4,
          "name": "minecraft:andesite",
          "functions": [
            {
              "function": "minecraft:set_count",
              "count": {
                "min": 4,
                "max": 16
              },
              "conditions": [
                {
                  "condition": "minecraft:random_chance",
                  "chance": 0.9
                }
              ]
            }
          ]
        },
        {
          "type": "minecraft:item",
          "weight": 2,
          "name": "minecraft:iron_axe",
          "functions": [
            {
              "function": "minecraft:enchant_with_levels",
              "levels": {
                "min": 0,
                "max": 16
              },
              "conditions": [
                {
                  "condition": "minecraft:random_chance",
                  "chance": 0.9
                }
              ]
            }
          ]
        },
        {
          "type": "minecraft:item",
          "weight": 1,
          "name": "minecraft:diamond_axe",
          "functions": [
            {
              "function": "minecraft:enchant_with_levels",
              "levels": {
                "min": 0,
                "max": 4
              },
              "conditions": [
                {
                  "condition": "minecraft:random_chance",
                  "chance": 0.6
                }
              ]
            }
          ]
        },
        {
          "type": "minecraft:item",
          "weight": 1,
          "name": "minecraft:diamond_shovel",
          "functions": [
            {
              "function": "minecraft:enchant_with_levels",
              "levels": {
                "min": 0,
                "max": 4
              },
              "conditions": [
                {
                  "condition": "minecraft:random_chance",
                  "chance": 0.6
                }
              ]
            }
          ]
        },
        {
          "type": "minecraft:item",
          "weight": 1,
          "name": "minecraft:netherite_shovel",
          "functions": [
            {
              "function": "minecraft:enchant_with_levels",
              "levels": {
                "min": 0,
                "max": 16
              },
              "conditions": [
                {
                  "condition": "minecraft:random_chance",
                  "chance": 0.6
                }
              ]
            }
          ]
        },
        {
          "type": "minecraft:item",
          "weight": 4,
          "name": "minecraft:stone_sword",
          "functions": [
            {
              "function": "minecraft:enchant_with_levels",
              "levels": {
                "min": 0,
                "max": 4
              },
              "conditions": [
                {
                  "condition": "minecraft:random_chance",
                  "chance": 0.6
                }
              ]
            }
          ]
        },
        {
          "type": "minecraft:item",
          "weight": 2,
          "name": "minecraft:bow",
          "functions": [
            {
              "function": "minecraft:enchant_with_levels",
              "levels": {
                "min": 0,
                "max": 4
              },
              "conditions": [
                {
                  "condition": "minecraft:random_chance",
                  "chance": 0.6
                }
              ]
            }
          ]
        },
        {
          "type": "minecraft:item",
          "weight": 10,
          "name": "minecraft:raw_iron",
          "functions": [
            {
              "function": "minecraft:set_count",
              "count": {
                "min": 4,
                "max": 14
              }
            }
          ]
        },
        {
          "type": "minecraft:item",
          "weight": 10,
          "name": "minecraft:emerald_ore",
          "functions": [
            {
              "function": "minecraft:set_count",
              "count": {
                "min": 3,
                "max": 7
              }
            }
          ]
        },
        {
          "type": "minecraft:item",
          "weight": 20,
          "name": "minecraft:obsidian",
          "functions": [
            {
              "function": "minecraft:set_count",
              "count": {
                "min": 1,
                "max": 5
              }
            }
          ]
        },
        {
          "type": "minecraft:item",
          "weight": 5,
          "name": "minecraft:bone",
          "functions": [
            {
              "function": "minecraft:set_count",
              "count": {
                "min": 12,
                "max": 16
              }
            }
          ]
        },
        {
          "type": "minecraft:item",
          "weight": 2,
          "name": "minecraft:granite",
          "functions": [
            {
              "function": "minecraft:set_count",
              "count": {
                "min": 12,
                "max": 16
              }
            }
          ]
        },
        {
          "type": "minecraft:item",
          "weight": 2,
          "name": "minecraft:diorite",
          "functions": [
            {
              "function": "minecraft:set_count",
              "count": {
                "min": 12,
                "max": 16
              }
            }
          ]
        },
        {
          "type": "minecraft:item",
          "weight": 1,
          "name": "minecraft:potion",
          "functions": [
            {
              "function": "minecraft:set_nbt",
              "tag": "{CustomPotionColor:5428223,CustomPotionEffects:[{Id:5,Duration:24000,Amplifier:3},{Id:7,Duration:2,Amplifier:2}],display:{Name:'[\"\",{\"text\":\"Serum of Strength\",\"bold\":true,\"color\":\"aqua\"}]',Lore:['[\"\",{\"text\":\"Converting mass,\",\"italic\":false,\"color\":\"aqua\"}]','[\"\",{\"text\":\"Into force,\",\"italic\":false,\"color\":\"aqua\"}]','[\"\",{\"text\":\"Friction deadly,\",\"italic\":false,\"color\":\"aqua\"}]','[\"\",{\"text\":\"Survival unlikely.\",\"italic\":false,\"color\":\"aqua\"}]','[\"\",{\"text\":\"Pay-off immense.\",\"italic\":false,\"color\":\"aqua\"}]']}}"
            }
          ]
        }
      ]
    },
    {
      "rolls": {
        "min": 0,
        "max": 1
      },
      "entries": [
        {
          "type": "minecraft:item",
          "weight": 10,
          "name": "minecraft:cobweb",
          "functions": [
            {
              "function": "minecraft:set_count",
              "count": {
                "min": 2,
                "max": 6
              },
              "conditions": [
                {
                  "condition": "minecraft:random_chance",
                  "chance": 0.7
                }
              ]
            }
          ]
        },
        {
          "type": "minecraft:item",
          "weight": 2,
          "name": "minecraft:paper",
          "functions": [
            {
              "function": "minecraft:set_nbt",
              "tag": "{display:{Name:'[{\"text\":\"Lost Note\",\"italic\":true,\"bold\":true,\"color\":\"aqua\"}]',Lore:['[{\"text\":\"If you see this, I have been eaten.\",\"italic\":false,\"color\":\"aqua\"}]','[{\"text\":\"We were digging out the tunnels when\",\"italic\":false,\"color\":\"aqua\"}]','[{\"text\":\"our limbs froze up.\",\"italic\":false,\"color\":\"aqua\"}]','[{\"text\":\"Invisible tethers holding us back.\",\"italic\":false,\"color\":\"aqua\"}]','[{\"text\":\"Strings wrapped around our arms, our\",\"italic\":false,\"color\":\"aqua\"}]','[{\"text\":\"legs, our head.\",\"italic\":false,\"color\":\"aqua\"}]','[{\"text\":\"I escaped, barely.\",\"italic\":false,\"color\":\"aqua\"}]','[{\"text\":\"Saved by a pocket knife.\",\"italic\":false,\"color\":\"aqua\"}]','[{\"text\":\"The others are gone.\",\"italic\":false,\"color\":\"aqua\"}]','[{\"text\":\"I\\'m sorry.\",\"italic\":false,\"color\":\"aqua\"}]','[{\"text\":\"I\\'m going to try to stop this.\",\"italic\":false,\"color\":\"aqua\"}]']}}"
            }
          ]
        },
        {
          "type": "minecraft:item",
          "weight": 2,
          "name": "minecraft:book",
          "functions": [
            {
              "function": "minecraft:set_nbt",
              "tag": "{display:{Name:'[{\"text\":\"Lost Journal\",\"italic\":true,\"bold\":true,\"color\":\"aqua\"}]',Lore:['[{\"text\":\"Which is better?\",\"italic\":false,\"color\":\"aqua\"}]','[{\"text\":\"Soup, or pie?\",\"italic\":false,\"color\":\"aqua\"}]','[{\"text\":\"Or cake?\",\"italic\":false,\"color\":\"aqua\"}]','[{\"text\":\"I\\'m thinking of pie.\",\"italic\":false,\"color\":\"aqua\"}]','[{\"text\":\"Because somehow, down here, there are a lot of pies.\",\"italic\":false,\"color\":\"aqua\"}]','[{\"text\":\"Why?\",\"italic\":false,\"color\":\"aqua\"}]','[{\"text\":\"They\\'re preserved. Well-stored. For a person.\",\"italic\":false,\"color\":\"aqua\"}]','[{\"text\":\"This is a spider infested mess, and there are pies.\",\"italic\":false,\"color\":\"aqua\"}]']}}"
            }
          ]
        },
        {
          "type": "minecraft:item",
          "weight": 2,
          "name": "minecraft:book",
          "functions": [
            {
              "function": "minecraft:set_nbt",
              "tag": "{display:{Name:'[{\"text\":\"Lost Journal\",\"italic\":true,\"bold\":true,\"color\":\"aqua\"}]',Lore:['[{\"text\":\"A local villager informed me of a caving system nearby.\",\"italic\":false,\"color\":\"aqua\"}]','[{\"text\":\"Said spiders had been heard for weeks.\",\"italic\":false,\"color\":\"aqua\"}]','[{\"text\":\"Offered to pay a grand sum if I cleared it out.\",\"italic\":false,\"color\":\"aqua\"}]','[{\"text\":\"The children deserve the rest.\",\"italic\":false,\"color\":\"aqua\"}]','[{\"text\":\"I\\'ll be back home in a couple weeks.\",\"italic\":false,\"color\":\"aqua\"}]','[{\"text\":\"In and out, safe and sound.\",\"italic\":false,\"color\":\"aqua\"}]']}}"
            }
          ]
        },
        {
          "type": "minecraft:item",
          "weight": 2,
          "name": "minecraft:paper",
          "functions": [
            {
              "function": "minecraft:set_nbt",
              "tag": "{display:{Name:'[{\"text\":\"Lost Note\",\"italic\":true,\"bold\":true,\"color\":\"aqua\"}]',Lore:['[{\"text\":\"The tunnels must be complete by the end of the year.\",\"italic\":false,\"color\":\"aqua\"}]','[{\"text\":\"If Winter arrives without running water, we will all die.\",\"italic\":false,\"color\":\"aqua\"}]','[{\"text\":\"Pick up the pace. Your group is the least efficient.\",\"italic\":false,\"color\":\"aqua\"}]']}}"
            }
          ]
        }
      ]
    }
  ]
}
