{
  "name": "overhauledstructures:overhauledcitiesmedieval/ovcm_structure_door_o2",
  "fallback": "overhauledstructures:overhauledcitiesmedieval/ovcm_structure_door_o2",
  "elements": [
    {
      "weight": 5,
      "element": {
        "location": "overhauledstructures:ovcm/ovcm_structure_door_o2_1",
        "processors": "minecraft:empty",
        "projection": "rigid",
        "element_type": "minecraft:single_pool_element"
      }
    },
    {
      "weight": 5,
      "element": {
        "location": "overhauledstructures:ovcm/ovcm_structure_door_o2_2",
        "processors": "minecraft:empty",
        "projection": "rigid",
        "element_type": "minecraft:single_pool_element"
      }
    },
    {
      "weight": 5,
      "element": {
        "location": "overhauledstructures:ovcm/ovcm_structure_door_o2_3",
        "processors": "minecraft:empty",
        "projection": "rigid",
        "element_type": "minecraft:single_pool_element"
      }
    },
    {
      "weight": 5,
      "element": {
        "location": "overhauledstructures:ovcm/ovcm_structure_door_o2_4",
        "processors": "minecraft:empty",
        "projection": "rigid",
        "element_type": "minecraft:single_pool_element"
      }
    }
  ]
}