﻿{
    "type": "minecraft:crafting_shaped",
    "pattern": [
        " A ",
        "MEM",
        " G "
    ],
    "key": {
        "E": {
            "item": "minecraft:piglin_spawn_egg"
        },
        "G": {
            "item": "minecraft:gold_block"
        },
        "M": {
            "item": "minecraft:gold_ingot"
        },
        "A": {
            "item": "minecraft:golden_axe"
        }
    },
    "result": {
        "item": "minecraft:piglin_brute_spawn_egg",
        "count": 1
    },
    "group": "nether"
}