{
    "type": "minecraft:chest",
    "pools": [
      {
        "rolls": 5,
        "bonus_rolls": 1,
        "entries": [
          { "type": "minecraft:item", "name": "minecraft:iron_ingot", "weight": 10,
            "functions": [{ "function": "minecraft:set_count", "count": { "type": "minecraft:uniform", "min": 2, "max": 5 } }] },
          { "type": "minecraft:item", "name": "minecraft:gold_ingot", "weight": 6,
            "functions": [{ "function": "minecraft:set_count", "count": { "type": "minecraft:uniform", "min": 1, "max": 3 } }] },
          { "type": "minecraft:item", "name": "minecraft:copper_ingot", "weight": 8,
            "functions": [{ "function": "minecraft:set_count", "count": { "type": "minecraft:uniform", "min": 2, "max": 6 } }] },
          { "type": "minecraft:item", "name": "minecraft:lapis_lazuli", "weight": 8,
            "functions": [{ "function": "minecraft:set_count", "count": { "type": "minecraft:uniform", "min": 4, "max": 12 } }] },
          { "type": "minecraft:item", "name": "minecraft:amethyst_shard", "weight": 6,
            "functions": [{ "function": "minecraft:set_count", "count": { "type": "minecraft:uniform", "min": 2, "max": 6 } }] },
          { "type": "minecraft:item", "name": "minecraft:prismarine_shard", "weight": 10,
            "functions": [{ "function": "minecraft:set_count", "count": { "type": "minecraft:uniform", "min": 4, "max": 12 } }] },
          { "type": "minecraft:item", "name": "minecraft:prismarine_crystals", "weight": 7,
            "functions": [{ "function": "minecraft:set_count", "count": { "type": "minecraft:uniform", "min": 2, "max": 7 } }] },
          { "type": "minecraft:item", "name": "minecraft:coal", "weight": 9,
            "functions": [{ "function": "minecraft:set_count", "count": { "type": "minecraft:uniform", "min": 3, "max": 9 } }] },
          { "type": "minecraft:item", "name": "minecraft:flint", "weight": 5,
            "functions": [{ "function": "minecraft:set_count", "count": { "type": "minecraft:uniform", "min": 2, "max": 6 } }] },
          { "type": "minecraft:item", "name": "minecraft:clay_ball", "weight": 5,
            "functions": [{ "function": "minecraft:set_count", "count": { "type": "minecraft:uniform", "min": 3, "max": 8 } }] },
          { "type": "minecraft:item", "name": "minecraft:kelp", "weight": 5,
            "functions": [{ "function": "minecraft:set_count", "count": { "type": "minecraft:uniform", "min": 5, "max": 12 } }] }
        ]
      },
      {
        "rolls": 1,
        "conditions": [{ "condition": "minecraft:random_chance", "chance": 0.30 }],
        "entries": [
          { "type": "minecraft:item", "name": "minecraft:copper_block", "weight": 3 },
          { "type": "minecraft:item", "name": "minecraft:gold_block", "weight": 2 },
          { "type": "minecraft:item", "name": "minecraft:iron_block", "weight": 1 },
          { "type": "minecraft:item", "name": "minecraft:amethyst_block", "weight": 1 },
          { "type": "minecraft:item", "name": "minecraft:experience_bottle", "weight": 2,
            "functions": [{ "function": "minecraft:set_count", "count": { "type": "minecraft:uniform", "min": 2, "max": 5 } }] }
        ]
      },
      {
        "rolls": 1,
        "conditions": [{ "condition": "minecraft:random_chance", "chance": 0.20 }],
        "entries": [
          { "type": "minecraft:item", "name": "minecraft:iron_pickaxe", "weight": 3,
            "functions": [{ "function": "minecraft:set_damage", "damage": { "type": "minecraft:uniform", "min": 0.5, "max": 0.9 } }] },
          { "type": "minecraft:item", "name": "minecraft:iron_shovel", "weight": 2,
            "functions": [{ "function": "minecraft:set_damage", "damage": { "type": "minecraft:uniform", "min": 0.5, "max": 0.9 } }] }
        ]
      },
      {
        "rolls": 1,
        "conditions": [{ "condition": "minecraft:random_chance", "chance": 0.15 }],
        "entries": [
          {
            "type": "minecraft:item",
            "name": "minecraft:book",
            "functions": [
              {
                "function": "minecraft:enchant_randomly",
                "enchantments": [
                  "minecraft:unbreaking",
                  "minecraft:efficiency",
                  "minecraft:mending"
                ]
              }
            ]
          }
        ]
      },
      {
        "rolls": 1,
        "conditions": [{ "condition": "minecraft:random_chance", "chance": 0.05 }],
        "entries": [
          { "type": "minecraft:item", "name": "minecraft:netherite_scrap" }
        ]
      }
    ]
  }
  