{
  "type": "minecraft:chest",
  "pools": [
    {
      "rolls": {
        "min": 2,
        "max": 5
      },
      "entries": [
        { "type": "minecraft:item", "name": "minecraft:prismarine_shard", "weight": 30,
          "functions": [{ "function": "minecraft:set_count", "count": { "type": "minecraft:uniform", "min": 2, "max": 5 } }] },
        { "type": "minecraft:item", "name": "minecraft:prismarine_crystals", "weight": 20,
          "functions": [{ "function": "minecraft:set_count", "count": { "type": "minecraft:uniform", "min": 1, "max": 3 } }] },
        { "type": "minecraft:item", "name": "minecraft:copper_ingot", "weight": 25,
          "functions": [{ "function": "minecraft:set_count", "count": { "type": "minecraft:uniform", "min": 2, "max": 4 } }] },
        { "type": "minecraft:item", "name": "minecraft:iron_ingot", "weight": 20,
          "functions": [{ "function": "minecraft:set_count", "count": { "type": "minecraft:uniform", "min": 1, "max": 3 } }] },
        { "type": "minecraft:item", "name": "minecraft:gold_nugget", "weight": 18,
          "functions": [{ "function": "minecraft:set_count", "count": { "type": "minecraft:uniform", "min": 4, "max": 9 } }] },
        { "type": "minecraft:item", "name": "minecraft:lapis_lazuli", "weight": 22,
          "functions": [{ "function": "minecraft:set_count", "count": { "type": "minecraft:uniform", "min": 2, "max": 6 } }] },
        { "type": "minecraft:item", "name": "minecraft:kelp", "weight": 25,
          "functions": [{ "function": "minecraft:set_count", "count": { "type": "minecraft:uniform", "min": 3, "max": 8 } }] },
        { "type": "minecraft:item", "name": "minecraft:nautilus_shell", "weight": 15,
          "functions": [{ "function": "minecraft:set_count", "count": { "type": "minecraft:uniform", "min": 1, "max": 2 } }] },
        { "type": "minecraft:item", "name": "minecraft:salmon", "weight": 20,
          "functions": [{ "function": "minecraft:set_count", "count": { "type": "minecraft:uniform", "min": 1, "max": 3 } }] },
        { "type": "minecraft:item", "name": "minecraft:seagrass", "weight": 15,
          "functions": [{ "function": "minecraft:set_count", "count": { "type": "minecraft:uniform", "min": 3, "max": 7 } }] }
      ]
    },
    {
      "rolls": 1,
      "conditions": [{ "condition": "minecraft:random_chance", "chance": 0.40 }],
      "entries": [
        { "type": "minecraft:item", "name": "minecraft:emerald", "weight": 8,
          "functions": [{ "function": "minecraft:set_count", "count": { "type": "minecraft:uniform", "min": 1, "max": 2 } }] },
        { "type": "minecraft:item", "name": "minecraft:gold_ingot", "weight": 10,
          "functions": [{ "function": "minecraft:set_count", "count": { "type": "minecraft:uniform", "min": 1, "max": 3 } }] },
        { "type": "minecraft:item", "name": "minecraft:scute", "weight": 6,
          "functions": [{ "function": "minecraft:set_count", "count": { "type": "minecraft:uniform", "min": 1, "max": 2 } }] },
        { "type": "minecraft:item", "name": "minecraft:glow_berries", "weight": 8,
          "functions": [{ "function": "minecraft:set_count", "count": { "type": "minecraft:uniform", "min": 2, "max": 5 } }] },
        { "type": "minecraft:item", "name": "minecraft:amethyst_shard", "weight": 7,
          "functions": [{ "function": "minecraft:set_count", "count": { "type": "minecraft:uniform", "min": 1, "max": 3 } }] }
      ]
    },
    {
      "rolls": 1,
      "conditions": [{ "condition": "minecraft:random_chance", "chance": 0.25 }],
      "entries": [
        { "type": "minecraft:item", "name": "minecraft:angler_pottery_sherd", "weight": 10 },
        { "type": "minecraft:item", "name": "minecraft:shelter_pottery_sherd", "weight": 10 },
        { "type": "minecraft:item", "name": "minecraft:brewer_pottery_sherd", "weight": 8 },
        { "type": "minecraft:item", "name": "minecraft:friend_pottery_sherd", "weight": 6 },
        { "type": "minecraft:item", "name": "minecraft:plenty_pottery_sherd", "weight": 8 },
        { "type": "minecraft:item", "name": "minecraft:sea_lantern", "weight": 12,
          "functions": [{ "function": "minecraft:set_count", "count": { "type": "minecraft:uniform", "min": 1, "max": 2 } }] }
      ]
    }
  ]
}

