{
  "type": "minecraft:chest",
  "pools": [
    {
      "rolls": {
        "min": 2,
        "max": 4
      },
      "entries": [
        { "type": "minecraft:item", "name": "minecraft:bone", "weight": 35,
          "functions": [{ "function": "minecraft:set_count", "count": { "type": "minecraft:uniform", "min": 1, "max": 5 } }] },
        { "type": "minecraft:item", "name": "minecraft:rotten_flesh", "weight": 35,
          "functions": [{ "function": "minecraft:set_count", "count": { "type": "minecraft:uniform", "min": 1, "max": 4 } }] },
        { "type": "minecraft:item", "name": "minecraft:kelp", "weight": 40,
          "functions": [{ "function": "minecraft:set_count", "count": { "type": "minecraft:uniform", "min": 3, "max": 10 } }] },
        { "type": "minecraft:item", "name": "minecraft:sea_pickle", "weight": 30,
          "functions": [{ "function": "minecraft:set_count", "count": { "type": "minecraft:uniform", "min": 2, "max": 6 } }] },
        { "type": "minecraft:item", "name": "minecraft:prismarine_shard", "weight": 25,
          "functions": [{ "function": "minecraft:set_count", "count": { "type": "minecraft:uniform", "min": 1, "max": 4 } }] },
        { "type": "minecraft:item", "name": "minecraft:copper_ingot", "weight": 20,
          "functions": [{ "function": "minecraft:set_count", "count": { "type": "minecraft:uniform", "min": 1, "max": 3 } }] },
        { "type": "minecraft:item", "name": "minecraft:iron_nugget", "weight": 25,
          "functions": [{ "function": "minecraft:set_count", "count": { "type": "minecraft:uniform", "min": 3, "max": 8 } }] },
        { "type": "minecraft:item", "name": "minecraft:coal", "weight": 20,
          "functions": [{ "function": "minecraft:set_count", "count": { "type": "minecraft:uniform", "min": 2, "max": 6 } }] },
        { "type": "minecraft:item", "name": "minecraft:cod", "weight": 30,
          "functions": [{ "function": "minecraft:set_count", "count": { "type": "minecraft:uniform", "min": 1, "max": 3 } }] },
        { "type": "minecraft:item", "name": "minecraft:clay_ball", "weight": 15,
          "functions": [{ "function": "minecraft:set_count", "count": { "type": "minecraft:uniform", "min": 2, "max": 5 } }] }
      ]
    },
    {
      "rolls": 1,
      "conditions": [{ "condition": "minecraft:random_chance", "chance": 0.35 }],
      "entries": [
        { "type": "minecraft:item", "name": "minecraft:glow_ink_sac", "weight": 8,
          "functions": [{ "function": "minecraft:set_count", "count": { "type": "minecraft:uniform", "min": 1, "max": 2 } }] },
        { "type": "minecraft:item", "name": "minecraft:ink_sac", "weight": 12,
          "functions": [{ "function": "minecraft:set_count", "count": { "type": "minecraft:uniform", "min": 2, "max": 4 } }] },
        { "type": "minecraft:item", "name": "minecraft:glass_bottle", "weight": 10,
          "functions": [{ "function": "minecraft:set_count", "count": { "type": "minecraft:uniform", "min": 2, "max": 5 } }] },
        { "type": "minecraft:item", "name": "minecraft:iron_ingot", "weight": 8,
          "functions": [{ "function": "minecraft:set_count", "count": { "type": "minecraft:uniform", "min": 1, "max": 3 } }] },
        { "type": "minecraft:item", "name": "minecraft:gold_nugget", "weight": 12,
          "functions": [{ "function": "minecraft:set_count", "count": { "type": "minecraft:uniform", "min": 3, "max": 7 } }] }
      ]
    }
  ]
}

