{
  "type": "minecraft:chest",
  "pools": [
    {
      "rolls": {
        "min": 3,
        "max": 6
      },
      "bonus_rolls": 1,
      "entries": [
        { "type": "minecraft:item", "name": "minecraft:prismarine_shard", "weight": 35,
          "functions": [{ "function": "minecraft:set_count", "count": { "type": "minecraft:uniform", "min": 3, "max": 8 } }] },
        { "type": "minecraft:item", "name": "minecraft:prismarine_crystals", "weight": 28,
          "functions": [{ "function": "minecraft:set_count", "count": { "type": "minecraft:uniform", "min": 2, "max": 6 } }] },
        { "type": "minecraft:item", "name": "minecraft:iron_ingot", "weight": 30,
          "functions": [{ "function": "minecraft:set_count", "count": { "type": "minecraft:uniform", "min": 2, "max": 5 } }] },
        { "type": "minecraft:item", "name": "minecraft:copper_ingot", "weight": 28,
          "functions": [{ "function": "minecraft:set_count", "count": { "type": "minecraft:uniform", "min": 3, "max": 7 } }] },
        { "type": "minecraft:item", "name": "minecraft:gold_ingot", "weight": 22,
          "functions": [{ "function": "minecraft:set_count", "count": { "type": "minecraft:uniform", "min": 1, "max": 4 } }] },
        { "type": "minecraft:item", "name": "minecraft:lapis_lazuli", "weight": 25,
          "functions": [{ "function": "minecraft:set_count", "count": { "type": "minecraft:uniform", "min": 4, "max": 10 } }] },
        { "type": "minecraft:item", "name": "minecraft:diamond", "weight": 12,
          "functions": [{ "function": "minecraft:set_count", "count": { "type": "minecraft:uniform", "min": 1, "max": 2 } }] },
        { "type": "minecraft:item", "name": "minecraft:emerald", "weight": 15,
          "functions": [{ "function": "minecraft:set_count", "count": { "type": "minecraft:uniform", "min": 1, "max": 3 } }] },
        { "type": "minecraft:item", "name": "minecraft:redstone", "weight": 18,
          "functions": [{ "function": "minecraft:set_count", "count": { "type": "minecraft:uniform", "min": 3, "max": 8 } }] },
        { "type": "minecraft:item", "name": "minecraft:amethyst_shard", "weight": 20,
          "functions": [{ "function": "minecraft:set_count", "count": { "type": "minecraft:uniform", "min": 2, "max": 5 } }] },
        { "type": "minecraft:item", "name": "minecraft:nautilus_shell", "weight": 16,
          "functions": [{ "function": "minecraft:set_count", "count": { "type": "minecraft:uniform", "min": 1, "max": 2 } }] }
      ]
    },
    {
      "rolls": 1,
      "conditions": [{ "condition": "minecraft:random_chance", "chance": 0.55 }],
      "entries": [
        { "type": "minecraft:item", "name": "minecraft:golden_apple", "weight": 8 },
        { "type": "minecraft:item", "name": "minecraft:experience_bottle", "weight": 12,
          "functions": [{ "function": "minecraft:set_count", "count": { "type": "minecraft:uniform", "min": 2, "max": 5 } }] },
        { "type": "minecraft:item", "name": "minecraft:potion", "weight": 10,
          "functions": [
            { "function": "minecraft:set_potion", "id": "minecraft:water_breathing" }
          ] },
        { "type": "minecraft:item", "name": "minecraft:potion", "weight": 8,
          "functions": [
            { "function": "minecraft:set_potion", "id": "minecraft:night_vision" }
          ] },
        { "type": "minecraft:item", "name": "minecraft:arrow", "weight": 15,
          "functions": [{ "function": "minecraft:set_count", "count": { "type": "minecraft:uniform", "min": 8, "max": 16 } }] }
      ]
    },
    {
      "rolls": 1,
      "conditions": [{ "condition": "minecraft:random_chance", "chance": 0.45 }],
      "entries": [
        { "type": "minecraft:item", "name": "minecraft:iron_sword", "weight": 10,
          "functions": [
            { "function": "minecraft:set_damage", "damage": { "type": "minecraft:uniform", "min": 0.3, "max": 0.7 } },
            { "function": "minecraft:enchant_randomly",
              "enchantments": ["minecraft:sharpness", "minecraft:smite", "minecraft:knockback"] }
          ] },
        { "type": "minecraft:item", "name": "minecraft:iron_axe", "weight": 8,
          "functions": [
            { "function": "minecraft:set_damage", "damage": { "type": "minecraft:uniform", "min": 0.3, "max": 0.7 } },
            { "function": "minecraft:enchant_randomly",
              "enchantments": ["minecraft:sharpness", "minecraft:efficiency"] }
          ] },
        { "type": "minecraft:item", "name": "minecraft:bow", "weight": 9,
          "functions": [
            { "function": "minecraft:set_damage", "damage": { "type": "minecraft:uniform", "min": 0.2, "max": 0.6 } },
            { "function": "minecraft:enchant_randomly",
              "enchantments": ["minecraft:power", "minecraft:punch", "minecraft:flame"] }
          ] },
        { "type": "minecraft:item", "name": "minecraft:crossbow", "weight": 7,
          "functions": [
            { "function": "minecraft:set_damage", "damage": { "type": "minecraft:uniform", "min": 0.2, "max": 0.6 } },
            { "function": "minecraft:enchant_randomly",
              "enchantments": ["minecraft:quick_charge", "minecraft:piercing"] }
          ] }
      ]
    },
    {
      "rolls": 1,
      "conditions": [{ "condition": "minecraft:random_chance", "chance": 0.30 }],
      "entries": [
        { "type": "minecraft:item", "name": "minecraft:sponge", "weight": 8,
          "functions": [{ "function": "minecraft:set_count", "count": { "type": "minecraft:uniform", "min": 1, "max": 2 } }] },
        { "type": "minecraft:item", "name": "minecraft:tide_armor_trim_smithing_template", "weight": 10 },
        { "type": "minecraft:item", "name": "minecraft:coast_armor_trim_smithing_template", "weight": 10 },
        { "type": "minecraft:item", "name": "minecraft:silence_armor_trim_smithing_template", "weight": 8 },
        { "type": "minecraft:item", "name": "minecraft:golden_apple", "weight": 6 }
      ]
    }
  ]
}

